id,topic,startedBy,datePost,replies,views,latestBy
785092,Lonely. Took a chance and hurt once again. Need help! ,rainjoy60,"

						August 18, 2023, 10:57:37 am
						",1,"
						
						568 "," Jim Allen
"
745659,Welcome,Crissy85,"

						December 06, 2022, 06:37:52 pm
						",3,"
						
						7,069 "," Jim Allen
"
780121,HIV positive while pregnant,paradise123,"

						September 10, 2022, 01:18:55 pm
						",4,"
						
						3,103 "," paradise123
"
778984,Younger men,delilah07,"

						April 22, 2022, 06:39:43 pm
						",0,"
						
						2,068 "," delilah07
"
732856,Aging with HIV and Menopause,sologirl,"

						February 06, 2022, 04:01:26 pm
						",4,"
						
						7,175 "," delilah07
"
778144,Glad I went to the hospital,delilah07,"

						February 06, 2022, 03:54:04 pm
						",0,"
						
						1,931 "," delilah07
"
777668,I left my job,delilah07,"

						December 30, 2021, 06:22:46 pm
						",0,"
						
						1,854 "," delilah07
"
777393,Things changed ,delilah07,"

						December 04, 2021, 10:28:49 pm
						",0,"
						
						1,875 "," delilah07
"
777230,I want a friend ,delilah07,"

						November 21, 2021, 06:26:02 pm
						",0,"
						
						1,732 "," delilah07
"
687313,Under 30...,newbie92,"

						June 28, 2021, 12:58:00 pm
						",8,"
						
						8,348 "," Jim Allen
"
774278,Hows everyone doing...,delilah07,"

						May 26, 2021, 07:11:06 pm
						",2,"
						
						5,632 "," delilah07
"
773135,How to deal with HIV if doctors don't care?,blackbeauty40,"

						May 19, 2021, 04:39:36 pm
						",1,"
						
						4,417 "," Grendal
"
772925,Are you Pregnant? ,VICE_Producer,"

						February 23, 2021, 08:10:41 am
						",3,"
						
						3,856 "," Jim Allen
"
772205,Anyobe here with Hiv positive children,sasmhan,"

						January 25, 2021, 12:18:04 pm
						",6,"
						
						5,563 "," Jim Allen
"
737558,HIV and pregnancy,Nubeing,"

						January 22, 2021, 09:05:21 am
						",4,"
						
						6,959 "," c430
"
772098,Major sudden hair loss... I am devastated.,maddie2020,"

						December 15, 2020, 08:09:41 pm
						",0,"
						
						3,413 "," maddie2020
"
771846,Not sure how to handle this,delilah07,"

						November 30, 2020, 09:56:19 pm
						",0,"
						
						3,673 "," delilah07
"
771664,I'm feeling so insecure.,delilah07,"

						November 18, 2020, 08:25:25 pm
						",0,"
						
						3,075 "," delilah07
"
771381,Quit school but so much happier...,delilah07,"

						October 30, 2020, 07:43:16 pm
						",0,"
						
						3,166 "," delilah07
"
739549,Found out I'm pregnant yesterday,Weber,"

						October 02, 2020, 10:44:46 pm
						",4,"
						
						6,880 "," Snowangel
"
768303,Poetry and HIV,MarshmallowJess,"

						October 02, 2020, 10:41:08 pm
						",2,"
						
						4,546 "," Snowangel
"
769644,"I'm unhappy, but ...",delilah07,"

						July 13, 2020, 09:53:58 pm
						",0,"
						
						3,358 "," delilah07
"
727466,Change in menstral flow,Angelvera,"

						March 15, 2020, 02:59:17 am
						",4,"
						
						7,657 "," delilah07
"
719577,Attempting to live on my own... I guess???,delilah07,"

						March 15, 2020, 02:11:06 am
						",2,"
						
						6,898 "," delilah07
"
767267,Upper Respiratory Infection lasting too long,delilah07,"

						March 13, 2020, 03:12:44 pm
						",0,"
						
						3,132 "," delilah07
"
760721,"Bored, but otherwise I'm okay.",goody2feet,"

						March 13, 2020, 03:26:29 am
						",3,"
						
						7,219 "," delilah07
"
766042,Co -Infections,Uzima6,"

						January 31, 2020, 12:37:36 pm
						",0,"
						
						3,788 "," Uzima6
"
743061,menopause?,PittGurl,"

						January 02, 2020, 11:22:41 am
						",8,"
						
						7,967 "," Grendal
"
754627,Ladies need advise/feedback regarding using non HIV dating sites,rockchick,"

						April 14, 2019, 10:38:19 pm
						",3,"
						
						5,578 "," friendsfirst68
"
755267,"I'm Very lonely, going trought divorce by myself. Need friends to talk to please",krismel,"

						February 21, 2019, 08:14:27 pm
						",1,"
						
						4,901 "," Jim Allen
"
712202,I am lonely and sad,worried100,"

						February 21, 2019, 07:06:37 pm
						",6,"
						
						9,962 "," krismel
"
753440,Divorced and scared,milano8,"

						February 02, 2019, 03:05:52 pm
						",1,"
						
						4,462 "," DeeDee2019
"
754546,Pregnancy ,DeeDee2019,"

						February 02, 2019, 02:58:28 pm
						",0,"
						
						3,862 "," DeeDee2019
"
716948,Such unhopeful encounters on the Poz Personals site.  ,chwhyoche,"

						January 20, 2019, 09:28:15 pm
						",10,"
						
						12,120 "," PittGurl
"
754208,Ladies any luck on other non hiv dating sites???. These sites,rockchick,"

						January 20, 2019, 07:38:34 pm
						",0,"
						
						4,006 "," rockchick
"
737533,Advice on Disclosure...,newbie92,"

						December 05, 2018, 06:14:52 pm
						",2,"
						
						6,002 "," dallas nk
"
752421,Anyone in Texas? Looking for friends...,dallas nk,"

						December 01, 2018, 09:56:35 am
						",0,"
						
						3,815 "," dallas nk
"
752023,Are your doctors dismissing you?,guitargal,"

						December 01, 2018, 09:53:23 am
						",3,"
						
						4,454 "," dallas nk
"
744464,Thoughts about sex,delilah07,"

						June 10, 2018, 05:21:55 pm
						",2,"
						
						7,540 "," DK57
"
724980,30 Years Pozitive,Pozitvebutterfly33,"

						June 07, 2018, 07:56:07 pm
						",7,"
						
						10,321 "," Crissy85
"
744203,Menstrual change before treatment anyone??,Jenny69,"

						May 07, 2018, 02:13:46 pm
						",1,"
						
						5,230 "," Bobsy
"
738403,Starting Over ,goody2feet,"

						March 06, 2018, 12:35:50 am
						",3,"
						
						6,141 "," greatwich
"
737993,I need advice please,Angelvera,"

						January 09, 2018, 09:16:04 pm
						",1,"
						
						5,990 "," PittGurl
"
641000,How do you feel about the person who infected you?Do you forgive them?,goldkray9,"

						February 23, 2022, 11:00:44 pm
						",37,"
						
						28,743 "," newbie92
"
767864,MOVED: I can not make peace with my diagnosis ,Jim Allen,"

						April 10, 2020, 11:41:48 am
						",0,"
						
						3,464 "," Jim Allen
"
759072,MOVED: Postitive Men ,Jim Allen,"

						June 02, 2019, 09:54:33 am
						",0,"
						
						5,101 "," Jim Allen
"
756678,MOVED: POZ STR8 WOMEN near N.E. Indiana?,Jim Allen,"

						March 30, 2019, 12:53:32 pm
						",0,"
						
						3,888 "," Jim Allen
"
735321,MOVED: Cbez - New to site,Jim Allen,"

						October 31, 2017, 07:29:32 am
						",0,"
						
						6,391 "," Jim Allen
"
730892,MOVED: Need dating strategy advice,Ptrk3,"

						August 09, 2017, 07:53:46 pm
						",0,"
						
						5,300 "," Ptrk3
"
730235,I'm NEW,cindylammens83,"

						July 29, 2017, 07:38:52 am
						",1,"
						
						5,981 "," Jim Allen
"
683933,New to site,Jazabella,"

						March 17, 2017, 10:11:55 am
						",15,"
						
						11,858 "," keepingfaith
"
717864,"Looking for relationship and tips, advice, diagnosed in 09/2016....",dallas nk,"

						December 03, 2016, 12:12:31 pm
						",0,"
						
						5,079 "," dallas nk
"
716811,"New and need friends in UK, Manchester",OssyE,"

						November 20, 2016, 03:42:51 pm
						",2,"
						
						6,267 "," OssyE
"
716996,accepting hiv and moving on as a single woman,newbie2016,"

						November 19, 2016, 09:55:44 am
						",1,"
						
						5,727 "," Wade
"
689586,HIV+ and scared about future pregnancy process,Nae1122,"

						November 10, 2016, 11:20:02 am
						",11,"
						
						9,032 "," Uniquegirl
"
703017,New to the forum. Would like to offer/receive support!,caro38,"

						November 05, 2016, 10:45:38 pm
						",14,"
						
						8,833 "," OssyE
"
714195,My husband lied to me about his 10 yr gay past,Hellokitty72,"

						October 26, 2016, 11:11:47 pm
						",1,"
						
						5,776 "," PittGurl
"
697460,"Hey Ladies is any member found ina Tanzania, kindly inbox please ",marymacho78,"

						October 12, 2016, 05:40:01 am
						",1,"
						
						4,862 "," Queenz
"
704560,Friends in Texas????,veryniceperson,"

						October 11, 2016, 09:02:12 pm
						",3,"
						
						4,261 "," bones5
"
707385,experience think the guy is straight but is bi or really gay,rockchick,"

						August 15, 2016, 05:00:15 pm
						",4,"
						
						5,816 "," heretolearn
"
699967,Pregnancy,heretolearn,"

						July 31, 2016, 08:07:50 am
						",5,"
						
						6,335 "," yellabee3
"
710113,I was Bipolar or was it manic???,delilah07,"

						July 30, 2016, 09:16:10 pm
						",0,"
						
						3,796 "," delilah07
"
708960,My one year old final test today,yellabee3,"

						July 28, 2016, 08:01:35 pm
						",6,"
						
						5,768 "," Sweet_C
"
709400,can i have vaginal birth evev after c-section,Dimple2011,"

						July 20, 2016, 08:42:21 am
						",3,"
						
						4,068 "," BT65
"
708020,Kicking my husband out of my home & my life.,delilah07,"

						July 12, 2016, 04:52:58 am
						",3,"
						
						6,276 "," delilah07
"
706462,Bleeding during sex,RP61181,"

						June 07, 2016, 06:21:21 pm
						",2,"
						
						4,661 "," RP61181
"
674207,Maryland...,newbie92,"

						May 03, 2016, 01:23:26 pm
						",3,"
						
						5,760 "," Jim Allen
"
696206,Hello. I'm new to this life change!,Sprackdoll,"

						March 17, 2016, 08:39:39 am
						",16,"
						
						9,671 "," BT65
"
692679, Am new to the forum and newly diagonised and looking for support,lioness,"

						January 28, 2016, 06:18:15 am
						",9,"
						
						7,115 "," lioness
"
696393,5 days into being diagnosed ,Irongirl,"

						January 27, 2016, 05:43:15 pm
						",3,"
						
						5,948 "," lupetto
"
677171,"Pregnant, 40, and Worried ",vivyt,"

						January 27, 2016, 05:23:02 pm
						",33,"
						
						17,135 "," lupetto
"
689054,Mammograms vs Thermogram,PittGurl,"

						December 18, 2015, 05:48:16 am
						",3,"
						
						4,535 "," BT65
"
692714,periods / menstruation,PittGurl,"

						December 16, 2015, 12:40:53 pm
						",10,"
						
						6,466 "," PittGurl
"
678684,Disclosure,peachy,"

						December 13, 2015, 09:50:55 pm
						",8,"
						
						6,600 "," chwhyoche
"
691002,Being Terrorized Because of my Status,DLynn1982,"

						November 24, 2015, 12:08:23 am
						",4,"
						
						5,611 "," Atelier
"
655140,"Big Question, please help.",bluenow14,"

						November 04, 2015, 03:28:42 am
						",4,"
						
						6,055 "," Jazabella
"
688843,"mad, sad, heartened",Atelier,"

						November 04, 2015, 03:14:30 am
						",8,"
						
						6,229 "," Jazabella
"
677008,Need Pregnancy Advice ,mskandy01,"

						October 17, 2015, 10:45:00 pm
						",8,"
						
						5,849 "," mskandy01
"
687286,feeling sub-human - will there be a day?,PittGurl,"

						October 15, 2015, 03:43:25 am
						",12,"
						
						6,933 "," PittGurl
"
687598,Disclosure,ms.kc,"

						October 12, 2015, 02:44:51 pm
						",3,"
						
						4,474 "," Sweet_C
"
672396,Girlie online friendship & support group ,lupetto,"

						October 08, 2015, 10:11:03 am
						",72,"
						
						28,633 "," PittGurl
"
683860,Checking In,keepingfaith,"

						August 01, 2015, 11:33:14 am
						",2,"
						
						3,959 "," vivyt
"
669609,Recruiting women for research study about pregnancy,doccnm,"

						April 18, 2015, 09:52:45 pm
						",3,"
						
						4,403 "," Sweet_C
"
674476,introduction section,Amber34,"

						April 18, 2015, 07:08:17 pm
						",4,"
						
						4,747 "," Amber34
"
673383,Infected by boyfriend who is now husband,posmotheroftwo,"

						April 14, 2015, 09:18:53 pm
						",2,"
						
						5,976 "," newbie92
"
673651,Side effects with medication,yellabee3,"

						April 10, 2015, 04:21:27 pm
						",3,"
						
						4,661 "," yellabee3
"
673552,Anal cancer screening in females,BT65,"

						April 08, 2015, 12:58:14 pm
						",0,"
						
						4,095 "," BT65
"
645964,Life Changes...,newbie92,"

						March 27, 2015, 12:31:33 am
						",12,"
						
						8,299 "," Lasthope
"
646869,Friends - lookin for one or two,Cerise_81,"

						March 27, 2015, 12:12:36 am
						",7,"
						
						6,630 "," didee
"
672266,I'm positive but bf negative ,Lasthope,"

						March 26, 2015, 09:40:13 pm
						",4,"
						
						5,970 "," Lasthope
"
606622,"My decision, right?",Mary_Jane01,"

						March 15, 2015, 11:46:59 am
						",11,"
						
						9,129 "," karry
"
662857,Pregnant and found out in October that I am positive,yellabee3,"

						March 14, 2015, 05:30:22 am
						",20,"
						
						11,056 "," yellabee3
"
670545,Rape & HIV - hard time handling it all,lupetto,"

						March 10, 2015, 02:46:46 pm
						",5,"
						
						6,967 "," lupetto
"
669211,Lesbian Advice,Justanid1234,"

						March 07, 2015, 09:54:16 pm
						",1,"
						
						4,426 "," BT65
"
665514,Pregnant and Positive ,wishee,"

						February 11, 2015, 05:48:49 am
						",2,"
						
						4,262 "," karry
"
665852,Anyone out there who start out with high viral loads while pregnant?,yellabee3,"

						January 20, 2015, 06:55:25 pm
						",1,"
						
						3,609 "," Shany_lee27
"
625256,Got HIV from my husband !,posmarriedgal,"

						January 16, 2015, 07:23:54 pm
						",22,"
						
						21,342 "," Mary_Jane01
"
730088,MOVED: Divorce,Jim Allen,"

						July 26, 2017, 01:45:26 am
						",0,"
						
						4,522 "," Jim Allen
"
677764,MOVED: Clarification on this issue.,Joe K,"

						May 20, 2015, 01:11:11 pm
						",0,"
						
						3,212 "," Joe K
"
658936,SEX,kellybryana,"

						January 13, 2015, 04:39:26 am
						",2,"
						
						5,315 "," newbie92
"
641398,My husband and I have been arguing for four days,idee,"

						November 27, 2014, 02:09:47 am
						",2,"
						
						5,122 "," guitargal
"
656260,My home is a happier one,idee,"

						November 08, 2014, 03:27:42 am
						",1,"
						
						4,095 "," apple
"
641423,Will I ever go back to being me?,SMARTCHICK,"

						November 05, 2014, 11:13:46 pm
						",2,"
						
						4,869 "," staysmiling83
"
655145,Does anyone here have medical training in the female reproductive system?,idee,"

						October 20, 2014, 10:12:44 am
						",2,"
						
						4,043 "," idee
"
642291,Things are better today...,idee,"

						October 15, 2014, 10:59:29 am
						",4,"
						
						4,986 "," idee
"
505521,the effects of Gastric Bypass and women living with HIV,starmarc1,"

						October 15, 2014, 10:23:56 am
						",17,"
						
						20,138 "," idee
"
653484,apparently I am well,idee,"

						October 03, 2014, 10:50:29 am
						",0,"
						
						3,587 "," idee
"
648404,Hi,veryniceperson,"

						September 13, 2014, 02:21:46 pm
						",2,"
						
						3,878 "," newbie92
"
647353,Met someone.... how and when to tell,icequeen,"

						September 01, 2014, 01:54:13 pm
						",2,"
						
						4,790 "," emeraldize
"
648171,Seeing a psychiatrist,idee,"

						August 22, 2014, 02:24:12 pm
						",0,"
						
						3,304 "," idee
"
645224,A relationship problem...,idee,"

						August 22, 2014, 01:47:29 pm
						",3,"
						
						4,550 "," idee
"
631639,WHAT A WASTE OF TIME THIS WAS,deprivedlol,"

						August 16, 2014, 08:13:16 pm
						",13,"
						
						8,290 "," Lane
"
600615,is there anyone else out there like me?,tippytu,"

						July 30, 2014, 07:10:56 pm
						",21,"
						
						13,841 "," BT65
"
644643,What is it with these guys.,waterdiva,"

						July 28, 2014, 11:17:44 pm
						",0,"
						
						3,776 "," waterdiva
"
640563,Life is funny like that I guess,Lane,"

						July 14, 2014, 07:25:41 am
						",2,"
						
						3,832 "," Lane
"
641696,My breasts are huge,Stormy44,"

						July 10, 2014, 03:05:08 am
						",3,"
						
						4,838 "," Stormy44
"
641634,Breast reduction,apple,"

						July 02, 2014, 06:07:31 am
						",0,"
						
						3,213 "," apple
"
638841,New Here and Would Like Some Advice,newbie92,"

						June 29, 2014, 03:10:39 am
						",16,"
						
						7,427 "," newbie92
"
641316,Thinking of the future...,idee,"

						June 29, 2014, 02:53:35 am
						",0,"
						
						2,908 "," idee
"
639206,Keeping my status a secret at the labour ward.,Dealing,"

						June 24, 2014, 03:33:04 pm
						",9,"
						
						6,506 "," Dealing
"
638452,Support Group/Friends,Cerise_81,"

						June 05, 2014, 01:14:27 am
						",1,"
						
						3,301 "," klassykitty
"
637700,Re-infection? Both partners are positive.,Dealing,"

						May 31, 2014, 02:56:59 pm
						",1,"
						
						3,952 "," BT65
"
635984,Truvada + Isentress + pregnancy,WowThatWasLifeChanging,"

						May 22, 2014, 01:09:30 pm
						",1,"
						
						4,307 "," ihopei
"
636591,Miscarriage and Hiv+,Dealing,"

						May 20, 2014, 02:58:49 pm
						",2,"
						
						4,023 "," karry
"
634280,Is wanting casual sex wrong when ur poz?,deprivedlol,"

						May 15, 2014, 10:45:17 pm
						",7,"
						
						7,190 "," deprivedlol
"
632317,finally....pregnant....but dilema about starting meds,karry,"

						May 04, 2014, 12:45:06 pm
						",2,"
						
						4,417 "," karry
"
633425,Meds Options for Pregnancy? HELP PLEASE?!,WowThatWasLifeChanging,"

						April 29, 2014, 08:28:41 pm
						",2,"
						
						3,874 "," WowThatWasLifeChanging
"
632857,Stupid hot flashes,klassykitty,"

						April 26, 2014, 03:54:12 am
						",1,"
						
						3,744 "," BT65
"
630490,THINKING OF A CHANGE,deprivedlol,"

						April 07, 2014, 10:56:58 pm
						",4,"
						
						5,140 "," deprivedlol
"
599050,Pregnancy,sandra2013,"

						March 05, 2014, 03:40:45 pm
						",7,"
						
						7,319 "," TabooPrincess
"
625941,"My new bump in the ""road""",klassykitty,"

						March 04, 2014, 11:29:13 pm
						",3,"
						
						4,794 "," emeraldize
"
623000,testosterone for ladies,guitargal,"

						February 26, 2014, 12:51:54 pm
						",3,"
						
						4,225 "," guitargal
"
625602,Trying toconceive ,mskandy01,"

						February 25, 2014, 01:02:07 pm
						",0,"
						
						3,217 "," mskandy01
"
621646,my struggle to get pregnant,karry,"

						February 17, 2014, 09:55:01 am
						",7,"
						
						6,214 "," Tamika
"
610072,Breast Feeding  while poz,Aprille,"

						January 30, 2014, 10:14:06 pm
						",4,"
						
						5,097 "," msoftie
"
619439,I feel like my life is over...,Krissy87,"

						January 08, 2014, 11:49:08 am
						",2,"
						
						5,607 "," Krissy87
"
618533,"Lost, confused, and all alone... and please ignore my spelling and type-os",Krissy87,"

						January 04, 2014, 06:01:54 pm
						",5,"
						
						5,476 "," Krissy87
"
618713,Wishing you ladies a Happy New Year!,camille07,"

						January 04, 2014, 09:27:10 am
						",2,"
						
						3,458 "," emeraldize
"
618294,At least I have a summer vacation...,idee,"

						December 30, 2013, 02:07:27 am
						",0,"
						
						3,243 "," idee
"
611516,Potential Intercourse,jdmalawi,"

						December 28, 2013, 12:07:44 pm
						",3,"
						
						5,737 "," dreamold97
"
593747,Is it time to chance happiness?,dreamold97,"

						December 28, 2013, 12:03:39 pm
						",7,"
						
						6,654 "," dreamold97
"
611327,Freaking out and scared.,positivelyscared313,"

						December 12, 2013, 04:09:22 am
						",7,"
						
						6,714 "," BT65
"
607114,CD4 and pregnany,Michelle25,"

						December 07, 2013, 04:19:56 am
						",8,"
						
						6,548 "," TabooPrincess
"
159818,afraid to tell anyone,Pam,"

						November 30, 2013, 03:42:26 am
						",10,"
						
						10,870 "," BT65
"
608954,Just a vent...,Blessed1974,"

						October 23, 2013, 07:05:01 pm
						",8,"
						
						5,762 "," BT65
"
607243,will i ever find love again??,Aprille,"

						October 05, 2013, 04:45:42 pm
						",2,"
						
						4,388 "," Aprille
"
638031,ART in pregnancy,hedders,"

						June 01, 2014, 04:10:27 am
						",1,"
						
						3,384 "," Ann
"
635123,MOVED: Looking for a partner for life,Jeff G,"

						May 06, 2014, 08:32:43 pm
						",0,"
						
						2,990 "," Jeff G
"
624264,MOVED: Medication issues,Jeff G,"

						February 13, 2014, 01:03:44 pm
						",0,"
						
						2,882 "," Jeff G
"
571571,Am I being scammed ?,Jessy,"

						October 03, 2013, 02:47:38 am
						",11,"
						
						8,082 "," Michelle25
"
597102,"I posted this in ""I Just Tested Poz"" and after 85 views, not one response...",Brokenbuthere,"

						September 27, 2013, 02:03:20 pm
						",33,"
						
						17,559 "," Wolfey
					"
603527,being used,LivingFree1989,"

						September 06, 2013, 05:25:56 pm
						",2,"
						
						4,095 "," Jeff G
"
603278,first dr appt today,snicole,"

						September 05, 2013, 01:08:16 pm
						",1,"
						
						3,889 "," gloworm
"
603057,Scared to tell husband,snicole,"

						September 05, 2013, 12:33:45 pm
						",4,"
						
						6,169 "," snicole
"
564175,I need a friend from South Africa JHB,vulaza,"

						September 04, 2013, 03:29:34 pm
						",10,"
						
						9,658 "," Jeff G
"
596187,Can't get over be infected on purpose. Help,positiveliving,"

						July 29, 2013, 09:51:08 am
						",2,"
						
						5,918 "," TabooPrincess
"
596696,In need of some advice,gloworm,"

						July 27, 2013, 09:43:48 pm
						",3,"
						
						4,148 "," gloworm
"
564838,Disclosure with Sex,LivingFree1989,"

						July 26, 2013, 09:28:02 am
						",6,"
						
						6,885 "," Jessy
"
590309,Sad and lonely,TabooPrincess,"

						June 21, 2013, 06:49:58 pm
						",2,"
						
						4,550 "," Wolfey
					"
591117,Anyone Else?,jdmalawi,"

						June 18, 2013, 11:16:29 am
						",12,"
						
						7,202 "," Happy1976
"
591818,Meds and Birth Control,SweetSassafras,"

						June 15, 2013, 06:16:08 am
						",4,"
						
						4,721 "," BT65
"
590167,HIV positive mothers ,Infoneeded,"

						June 13, 2013, 03:28:00 pm
						",5,"
						
						5,223 "," SweetSassafras
"
590312,post traumatic symptoms from old lifestyle,thepostergirl,"

						June 13, 2013, 02:33:20 am
						",2,"
						
						4,381 "," thepostergirl
"
591387,Pretty down about relationship break-up - inspiring stories please?,betterdaysahead22,"

						June 11, 2013, 10:28:24 pm
						",1,"
						
						3,502 "," karry
"
591105,Tell what you think about this guy.,klassykitty,"

						June 11, 2013, 08:59:46 pm
						",4,"
						
						4,669 "," klassykitty
"
590911,Need some advice,yogalover,"

						June 08, 2013, 09:01:10 am
						",1,"
						
						3,745 "," Ann
"
584705,My health is good...,idee,"

						June 02, 2013, 05:18:53 am
						",2,"
						
						4,201 "," thepostergirl
"
589520,When to Disclose,LivingFree1989,"

						May 25, 2013, 02:24:54 pm
						",1,"
						
						3,850 "," Ann
"
581622,I feel so lonley,worried100,"

						May 25, 2013, 12:16:57 am
						",5,"
						
						5,705 "," Jeff G
"
588491,taking a BLS class,idee,"

						May 14, 2013, 07:45:38 pm
						",4,"
						
						3,853 "," anniebc
"
586602,got a job... sort of...,idee,"

						May 01, 2013, 12:04:49 am
						",5,"
						
						4,564 "," anniebc
"
585370,Anyone ever...,idee,"

						April 18, 2013, 10:20:12 pm
						",2,"
						
						3,920 "," klassykitty
"
579181,Diving in,Justme2012,"

						April 02, 2013, 11:44:16 pm
						",5,"
						
						4,661 "," vivyt
"
581746,My day is good...,idee,"

						March 19, 2013, 11:09:19 pm
						",4,"
						
						4,936 "," idee
"
569528,Married 8 years...,idee,"

						March 18, 2013, 02:37:47 pm
						",6,"
						
						7,160 "," idee
"
571829,My meds aren't working...,idee,"

						March 18, 2013, 02:10:47 pm
						",6,"
						
						6,899 "," idee
"
580311,"Happy Women""s Day",karry,"

						March 08, 2013, 08:56:39 pm
						",1,"
						
						3,197 "," anniebc
"
579946,Medication in South Africa,Wamai,"

						March 07, 2013, 06:45:12 pm
						",2,"
						
						4,133 "," Wamai
"
578850,"LONG TERM , WOMAN IN HER FORTIES",uchuba,"

						March 03, 2013, 06:18:32 pm
						",2,"
						
						3,877 "," fveryspecial
"
536964,Will I ever be a mom?,Positivelyhopeful,"

						March 03, 2013, 12:44:57 am
						",20,"
						
						12,372 "," uchuba
"
576605,To call....or......not to call,Lively,"

						February 15, 2013, 08:34:31 pm
						",3,"
						
						4,373 "," Lively
"
574288,Birthday Boy JK,anniebc,"

						January 29, 2013, 04:59:22 pm
						",0,"
						
						3,207 "," anniebc
"
573214,Compliments of the season,27years,"

						January 23, 2013, 05:44:49 pm
						",2,"
						
						3,848 "," BT65
"
567781,Kaletra dosage in pregnancy,mara_99,"

						January 21, 2013, 02:20:07 pm
						",1,"
						
						3,598 "," TabooPrincess
"
572083,Shaving,klassykitty,"

						January 16, 2013, 11:02:42 pm
						",0,"
						
						3,594 "," klassykitty
"
571341,Hep c !!! Scared.,Bay80,"

						January 13, 2013, 07:35:57 am
						",1,"
						
						3,666 "," Ann
"
567817,It's been a long time. ,keepingfaith,"

						December 27, 2012, 04:57:17 am
						",3,"
						
						3,579 "," BT65
"
567531,Need Advice On Relations,LivingFree1989,"

						December 21, 2012, 07:46:19 am
						",3,"
						
						3,605 "," Ann
"
567782,ARV (PI) and preterm birth,mara_99,"

						December 19, 2012, 05:11:58 am
						",0,"
						
						3,387 "," mara_99
"
551447,Got Some News Today,LivingFree1989,"

						December 10, 2012, 11:04:08 am
						",19,"
						
						12,527 "," jackie72
"
565314,returning to school...,idee,"

						December 01, 2012, 06:24:48 pm
						",0,"
						
						3,436 "," idee
"
562830,Sex again?,niecy_nurse,"

						November 24, 2012, 10:16:56 pm
						",4,"
						
						4,876 "," thepostergirl
"
563930,people on cafemom...,idee,"

						November 21, 2012, 09:20:33 am
						",2,"
						
						3,840 "," idee
"
563821,Fundraiser,Lively,"

						November 20, 2012, 12:46:24 am
						",0,"
						
						3,224 "," Lively
"
563353,Irritated...Vent,Lively,"

						November 17, 2012, 09:10:09 pm
						",1,"
						
						3,412 "," Perfect_Storm
"
563428,Thinking About Shaving Head,Lively,"

						November 17, 2012, 01:06:25 pm
						",0,"
						
						3,216 "," Lively
"
558925,What to do.....,brokenhearted1982,"

						November 11, 2012, 03:49:52 pm
						",4,"
						
						4,499 "," emeraldize
"
579992,Baby cured of HIV...,idee,"

						March 06, 2013, 11:18:22 am
						",1,"
						
						4,260 "," Ann
"
572969,MOVED: Got new test results,Ann,"

						January 21, 2013, 09:42:27 pm
						",0,"
						
						3,448 "," Ann
"
555720,Got new test results,badbaby1971,"

						November 03, 2012, 05:34:21 am
						",6,"
						
						6,169 "," Ann
"
561437,Should I say anything?,Lively,"

						November 01, 2012, 05:26:40 pm
						",5,"
						
						5,015 "," emeraldize
"
560137,HIV Positive - Birth & Protocol,engineergirl,"

						October 24, 2012, 09:27:46 am
						",3,"
						
						4,288 "," Ann
"
559105,I was not accepted or called...,idee,"

						October 16, 2012, 01:59:25 pm
						",0,"
						
						3,423 "," idee
"
558098,New Career?,idee,"

						October 12, 2012, 07:47:11 pm
						",5,"
						
						4,829 "," idee
"
556547,Sitting by while your seronegative friends get happily MARRIED,moongoddess,"

						October 05, 2012, 12:59:25 am
						",6,"
						
						6,463 "," moongoddess
"
557234,Positive and Lonely ..is it always gonna be like this? ,tornbutnotbroken,"

						October 04, 2012, 02:34:53 pm
						",7,"
						
						5,511 "," LivingFree1989
"
557229,Hello,Daffodil,"

						October 01, 2012, 10:30:17 pm
						",1,"
						
						3,111 "," emeraldize
"
556689,hiv positive and i want more children,Tokima1975,"

						September 27, 2012, 11:42:16 am
						",1,"
						
						4,282 "," Ann
"
555750,25 Weeks...,engineergirl,"

						September 24, 2012, 09:53:05 am
						",6,"
						
						5,152 "," engineergirl
"
555536,ACT AGAINST AIDS,tee,"

						September 19, 2012, 12:58:44 pm
						",0,"
						
						2,950 "," tee
"
541317,My Story,LivingFree1989,"

						September 19, 2012, 10:55:06 am
						",12,"
						
						8,155 "," chocaholic
"
555098,Newly diagnosed and need to tell my man,niecy_nurse,"

						September 19, 2012, 10:51:58 am
						",6,"
						
						5,619 "," chocaholic
"
555268,The conscious spreading of HIV among Zimbabwean sex trade,panganai,"

						September 19, 2012, 10:49:50 am
						",1,"
						
						3,727 "," chocaholic
"
549400,Eviplera,lina76,"

						September 10, 2012, 01:19:19 am
						",12,"
						
						14,460 "," britchick
"
554147,How did a women like you get hiv,tee,"

						September 07, 2012, 07:26:09 am
						",3,"
						
						9,990 "," Ann
"
553079,Yay!!!,idee,"

						September 01, 2012, 11:02:30 pm
						",3,"
						
						4,037 "," idee
"
552823,My viral load went up...,idee,"

						August 26, 2012, 06:05:36 am
						",1,"
						
						3,863 "," Ann
"
550852,I have a job...,idee,"

						August 12, 2012, 03:38:04 pm
						",1,"
						
						3,217 "," BT65
"
550064,postive test Vs negative,jberry68,"

						August 07, 2012, 06:04:20 pm
						",1,"
						
						4,044 "," karry
"
536368,Ladies please be aware of scammers on poz personals!,Noemi2012,"

						August 07, 2012, 05:38:30 pm
						",11,"
						
						8,391 "," jberry68
"
549188,"HIV+, Pregnant, New Meds - Throwing Up?",engineergirl,"

						August 06, 2012, 01:17:37 pm
						",3,"
						
						3,990 "," engineergirl
"
548620,HIV+ child,AmyV,"

						July 31, 2012, 01:36:43 am
						",7,"
						
						5,510 "," britchick
"
548669,Haven't been here for a while...,idee,"

						July 30, 2012, 04:24:04 pm
						",0,"
						
						3,047 "," idee
"
532293,Test Results,badbaby1971,"

						July 24, 2012, 07:17:17 pm
						",25,"
						
						12,434 ", badba
547146,VL monitoring in pregnancy,mara_99,"

						July 24, 2012, 08:55:01 am
						",1,"
						
						3,155 "," Ann
"
545841,holding my nose and jumping in,keepinmyhedup,"

						July 16, 2012, 05:12:34 am
						",1,"
						
						3,334 "," Ann
"
545324,The Heat!!!,mskandy01,"

						July 15, 2012, 07:31:33 am
						",5,"
						
						3,907 "," Ann
"
543336,Women's input needed about HIV and the criminal law ,Ann,"

						July 05, 2012, 04:44:25 pm
						",3,"
						
						4,252 "," BT65
"
541992,strange,SpringinJune23,"

						June 27, 2012, 07:02:38 am
						",1,"
						
						3,336 "," Ann
"
541846,i am viki smith-shaw,centoritodd,"

						June 26, 2012, 06:36:07 pm
						",4,"
						
						4,993 "," centoritodd
"
541367,i am  vikki  watch ya,centoritodd,"

						June 24, 2012, 03:55:45 am
						",3,"
						
						3,458 "," centoritodd
"
529559,Our brains...,idee,"

						June 23, 2012, 07:17:49 am
						",9,"
						
						6,452 "," Ann
"
531775,I'm HIV+ and fat!,idee,"

						June 22, 2012, 08:01:19 pm
						",3,"
						
						6,341 "," anniebc
"
539871,anemia worsens ,bananapancake774,"

						June 13, 2012, 11:30:59 am
						",1,"
						
						3,914 "," Ann
"
536942,trying not to stress....but,LiveLaugh,"

						May 29, 2012, 10:41:42 pm
						",2,"
						
						4,199 ", badba
531927,"Can POZ study abroad, uk?",alonedee,"

						April 24, 2012, 02:52:13 pm
						",1,"
						
						3,904 "," TabooPrincess
"
530394,A mother's vent,Snowangel,"

						April 19, 2012, 06:53:42 pm
						",3,"
						
						4,168 ", badba
529873,HIV Postive and have HPV,badbaby1971,"

						April 19, 2012, 02:02:20 pm
						",4,"
						
						6,499 ", badba
531280,My cell count dropped... but my new doctor is cool!,idee,"

						April 16, 2012, 01:02:07 pm
						",0,"
						
						3,059 "," idee
"
520068,IT'S BEEN A LONG TIME....,Queen Tokelove,"

						April 13, 2012, 11:46:29 am
						",10,"
						
						6,883 "," netta
"
526796,relationship/ falling in love again,lovelyflower,"

						April 11, 2012, 12:10:21 pm
						",3,"
						
						4,451 "," Ann
"
528631,"HIV Positive, I'm adopting... Meeting Resistance.",engineergirl,"

						April 06, 2012, 11:31:12 pm
						",6,"
						
						5,675 "," emeraldize
"
529376,HIV+ from southern africa to find work in the UK?,alonedee,"

						April 01, 2012, 05:37:25 pm
						",2,"
						
						3,807 "," alonedee
"
527246,Going to my norwegian class tonight...,idee,"

						March 19, 2012, 06:39:19 pm
						",0,"
						
						3,343 "," idee
"
561000,MOVED: check out my support group for straight women/men in DFW,Ann,"

						October 28, 2012, 04:24:50 pm
						",0,"
						
						3,003 "," Ann
"
552969,MOVED: What dating sites are legit?,Andy Velez,"

						August 26, 2012, 07:19:16 pm
						",0,"
						
						3,227 "," Andy Velez
"
551706,"MOVED: Im in dallas tx, id like to meet ",Ann,"

						August 17, 2012, 07:48:42 am
						",0,"
						
						2,762 "," Ann
"
544548,MOVED: Risks of getting pregnant and contracting HIV,Ann,"

						July 09, 2012, 09:00:45 am
						",0,"
						
						2,849 "," Ann
"
529789,tested positive today,Hopelessgirlonly23,"

						April 08, 2012, 06:52:39 am
						",3,"
						
						4,489 "," Ann
"
527237,Support Groups,tornbutnotbroken,"

						March 19, 2012, 06:25:44 pm
						",0,"
						
						3,204 "," tornbutnotbroken
"
525288,vulnerable wife,alonedee,"

						March 19, 2012, 05:18:36 pm
						",10,"
						
						7,452 "," alonedee
"
524972,Feeling heartbroken....in need of advice,batttyy,"

						March 19, 2012, 06:13:33 am
						",6,"
						
						5,356 "," chocaholic
"
525128,how do I become social?,idee,"

						March 18, 2012, 10:29:35 am
						",14,"
						
						7,965 "," emeraldize
"
526259,Random test turns out positive,md34,"

						March 18, 2012, 10:16:29 am
						",6,"
						
						6,915 "," emeraldize
"
524139,Los Angeles women's support group,kellybryana,"

						March 15, 2012, 03:22:26 am
						",4,"
						
						4,230 "," kellybryana
"
526355,family...,idee,"

						March 13, 2012, 10:45:33 pm
						",1,"
						
						3,045 "," idee
"
525375,Happy Women's Day!,karry,"

						March 08, 2012, 04:29:41 pm
						",0,"
						
						3,321 "," karry
"
524639,Super nervous for 1st date!,castar,"

						March 04, 2012, 08:39:43 am
						",1,"
						
						3,532 "," Ann
"
520403,New test results & pregnancy planning,mara_99,"

						March 04, 2012, 08:08:31 am
						",9,"
						
						5,832 "," Ann
"
511167,Entering the dating world after testing poz,Jenna106,"

						March 02, 2012, 08:00:21 pm
						",14,"
						
						8,563 "," jahcureme
"
521247,Probably being paranoid but..,noobnooberton1979,"

						February 20, 2012, 06:38:22 am
						",2,"
						
						4,081 "," emeraldize
"
521031,Newly diagnosed.. Questions,noobnooberton1979,"

						February 13, 2012, 10:06:23 am
						",5,"
						
						4,639 "," idee
"
521229,Melasma & HIV,idee,"

						February 13, 2012, 09:57:02 am
						",2,"
						
						4,827 "," idee
"
481023,doctor not very encouringing on pregnancy...:(,mara_99,"

						February 12, 2012, 07:42:08 pm
						",10,"
						
						8,331 "," idee
"
521190,"Hello, I am new to the site but been + 15 years...",idee,"

						February 12, 2012, 03:03:29 pm
						",1,"
						
						3,620 "," Ann
"
517732,Question of disclosure to previous sex partners,noobnooberton1979,"

						February 12, 2012, 08:25:03 am
						",5,"
						
						5,615 "," Ann
"
519669,"Thank God! my partner tested negative, but I think he wants to move on",ms.wannano,"

						February 08, 2012, 10:57:56 pm
						",6,"
						
						7,518 "," noobnooberton1979
"
518696,Confused,scribble,"

						February 07, 2012, 10:52:12 pm
						",4,"
						
						3,853 "," scribble
"
518521,How Pets and Parenthood Help Women Cope with HIV,emeraldize,"

						February 01, 2012, 08:09:22 am
						",3,"
						
						3,841 "," Ann
"
515145,Extreme monthly cramps,camille07,"

						January 30, 2012, 01:52:11 pm
						",14,"
						
						8,790 "," camille07
"
516461,HIV Postive and have HPV,badbaby1971,"

						January 26, 2012, 04:01:59 pm
						",5,"
						
						4,844 ", badba
504043,Hello ! all ! its been a while !,netta,"

						January 18, 2012, 08:59:58 pm
						",10,"
						
						8,001 "," springfever
"
514319,had a baby but high viral load..help,clair0,"

						January 10, 2012, 11:47:37 am
						",0,"
						
						3,289 "," clair0
"
479525,please please please help...pregnancy advice,mara_99,"

						January 04, 2012, 01:17:29 am
						",11,"
						
						12,157 "," Ann
"
511150,I just told my boyfriend that i'm positive and he is disgusted by me.,ms.wannano,"

						December 25, 2011, 11:38:34 am
						",9,"
						
						19,040 "," 27years
"
506511,Lonely and new in the area...,THEMBI,"

						December 01, 2011, 08:24:22 am
						",4,"
						
						5,072 "," 27years
"
500320,Stupid pap smear result,klassykitty,"

						November 01, 2011, 11:11:38 am
						",5,"
						
						7,896 "," netta
"
501901,Webinar to Discuss Recent HIV Research Advances and US Women,Ann,"

						October 21, 2011, 08:24:00 pm
						",1,"
						
						4,134 "," Snowangel
"
493185,Atripla and Pregnancy,spicy1,"

						October 11, 2011, 11:53:36 am
						",3,"
						
						12,195 "," whoknew
"
499923,Immigration lawyer referral ,9941_K,"

						October 07, 2011, 04:05:01 pm
						",2,"
						
						4,527 "," 9941_K
"
495799,ATRIPLA (DEPRESSION/LONELY/UNHAPPY),Blackandbeautiful11,"

						October 07, 2011, 10:09:01 am
						",13,"
						
						12,166 "," Ann
"
491751,Now Breast Cancer,etherize,"

						September 30, 2011, 11:33:07 pm
						",4,"
						
						6,613 "," emeraldize
"
496085,planning to get pregnant,chocaholic,"

						September 17, 2011, 03:04:51 pm
						",1,"
						
						5,276 "," TabooPrincess
"
450632,Once and for all - can a positive UD woman infest her partner ?,panda,"

						September 17, 2011, 08:09:46 am
						",11,"
						
						10,876 "," Ann
"
444965,breast size,angelgaby,"

						September 07, 2011, 09:40:03 am
						",10,"
						
						13,246 "," chocaholic
"
493371,HATE WHERE I LIVE,kitty1,"

						August 30, 2011, 03:54:02 pm
						",5,"
						
						7,831 "," emeraldize
"
492821,AAARRGGHH   MEN!!!!,klassykitty,"

						August 27, 2011, 05:27:35 am
						",1,"
						
						4,030 "," BT65
"
492377,Looking 4 friends who are poz...,donna2008,"

						August 25, 2011, 07:55:43 pm
						",3,"
						
						4,882 "," emeraldize
"
491935,SOME ADVICE,auds,"

						August 23, 2011, 06:48:05 pm
						",6,"
						
						5,582 "," auds
"
490309,Who's Getting Fat??!!,likinglife,"

						August 18, 2011, 10:36:38 am
						",4,"
						
						5,225 "," Ann
"
491157,Terrible Vomiting - Atripla side effect?,yipiee,"

						August 17, 2011, 11:28:34 pm
						",7,"
						
						7,278 "," yipiee
"
482179,Best News Ever,Sweet_C,"

						August 11, 2011, 09:59:38 am
						",8,"
						
						10,562 "," chocaholic
"
402350,"disclose or not, an ethical delima",yipiee,"

						August 04, 2011, 01:50:03 pm
						",16,"
						
						14,156 "," worried100
"
488310,started meds....need advice pls,mara_99,"

						July 31, 2011, 11:37:30 am
						",0,"
						
						5,131 "," mara_99
"
485514,indeterminate ?,whoknew,"

						July 15, 2011, 12:10:46 pm
						",2,"
						
						6,542 "," Ann
"
477685,long long rant :(,whoknew,"

						July 15, 2011, 10:40:51 am
						",5,"
						
						5,420 "," whoknew
"
477669,Positive Pregnancy Planning - Do's & Don'ts?,engineergirl,"

						June 27, 2011, 05:30:39 pm
						",4,"
						
						6,066 "," engineergirl
"
502115,"Just started Atripla And Have A New Born Baby, Bad Timing????",NewDaddy,"

						October 21, 2011, 06:45:45 am
						",1,"
						
						4,733 "," Ann
"
494318,MOVED: Just Moved To Ukiah,Ann,"

						September 02, 2011, 07:57:18 am
						",0,"
						
						4,273 "," Ann
"
447882,Newly diagnosed in pregnancy - looking for support and kindred spirits,usernotdefined,"

						June 16, 2011, 09:47:59 pm
						",34,"
						
						18,035 "," netta
"
472796,new baby ,whoknew,"

						June 14, 2011, 09:55:23 am
						",13,"
						
						9,307 "," chocaholic
"
478188,What to do??,ijskrista,"

						June 06, 2011, 08:38:05 pm
						",2,"
						
						4,219 "," Snowangel
"
477302,good figures - still p*ssed off!,Lora,"

						May 31, 2011, 07:00:00 pm
						",1,"
						
						3,858 "," anniebc
"
477108,Looking for love,postivelybeautiful27,"

						May 31, 2011, 03:32:34 pm
						",2,"
						
						4,665 "," Lora
"
462343,Newly diagnosed,lina76,"

						May 31, 2011, 07:48:44 am
						",11,"
						
						10,363 "," lina76
"
472447,Hello everyone,klassykitty,"

						May 29, 2011, 09:52:05 am
						",20,"
						
						13,047 "," emeraldize
"
472050,I haven't disclosed to my partner!,batttyy,"

						May 27, 2011, 01:46:03 am
						",5,"
						
						7,481 "," AKL
"
473789,My story,scribble,"

						May 21, 2011, 10:26:20 am
						",12,"
						
						8,809 "," emeraldize
"
471524,Hey Ladies,keepingfaith,"

						May 11, 2011, 07:56:41 am
						",5,"
						
						4,173 "," Ann
"
471144,Mom's Day,klassykitty,"

						May 08, 2011, 01:51:06 am
						",2,"
						
						3,410 "," TabooPrincess
"
464005,update from me.,whoknew,"

						April 28, 2011, 06:55:22 pm
						",9,"
						
						12,919 "," karry
"
466901,On The DL......,caj,"

						April 23, 2011, 01:50:18 am
						",3,"
						
						7,544 "," caj
"
464233,Please let me know what one have to do to get a decent guy out there,zazi22,"

						April 22, 2011, 10:56:41 am
						",6,"
						
						8,965 "," Ann
"
464648,Had a date,klassykitty,"

						April 08, 2011, 07:10:51 pm
						",5,"
						
						6,377 "," Sweet_C
"
437607,Ladies Thread #74......All in a day or What's Your Routine?,Queen Tokelove,"

						April 03, 2011, 06:22:56 pm
						",62,"
						
						28,001 "," camille07
"
455677,"Trying to Conceive and positive, husband is negative, diagnosed in Oct 10",unichick,"

						March 29, 2011, 12:51:21 pm
						",4,"
						
						5,602 "," usernotdefined
"
138582,Pregnanacy and Lipo,panda,"

						March 29, 2011, 09:20:15 am
						",18,"
						
						14,653 "," tbird
"
459244,Lonely and Confused & NEW here,tornbutnotbroken,"

						March 10, 2011, 05:07:47 pm
						",1,"
						
						9,691 "," BT65
"
418770,ivf/icsi in London,babydreams,"

						March 10, 2011, 06:40:31 am
						",5,"
						
						5,456 "," scottish
"
458331,INTRODUCTION,Blackandbeautiful11,"

						March 06, 2011, 11:01:17 am
						",5,"
						
						4,704 "," Blackandbeautiful11
"
458385,Got a date,klassykitty,"

						March 06, 2011, 06:51:56 am
						",1,"
						
						3,176 "," BT65
"
456619,Hello,klassykitty,"

						February 26, 2011, 09:53:41 am
						",10,"
						
						6,585 "," emeraldize
"
456410,its 02-40 UK time and I am still awake...,shotis,"

						February 22, 2011, 08:14:57 pm
						",1,"
						
						3,225 "," klassykitty
"
452690,IMPORTANT! opportunity to opt-out of an article being written for POZ magazine,Ann,"

						February 08, 2011, 01:23:08 pm
						",8,"
						
						5,693 "," engineergirl
"
454271,That's it !! We did it without the condom for the 1st time,panda,"

						February 08, 2011, 12:26:49 pm
						",1,"
						
						4,425 "," Ann
"
451831,Newly diagnosed and struggling (sorry about other posts - connection is trippy),Lora,"

						January 24, 2011, 04:19:03 pm
						",10,"
						
						7,722 "," Lora
"
407332,"he is taking antiretroviral,she's not",NHLA,"

						January 23, 2011, 08:34:20 pm
						",8,"
						
						5,824 "," Sweet_C
"
429688,both positive....we want a baby,scottish,"

						January 10, 2011, 11:37:11 am
						",11,"
						
						8,146 "," Ann
"
449585,,worried100,"

						January 09, 2011, 02:52:40 pm
						",0,"
						
						2,804 "," worried100
"
441286,Dating while positive.,poz40,"

						January 08, 2011, 02:43:46 pm
						",11,"
						
						9,222 "," dulce_angelita
"
447271,POZ Personal Baby,27years,"

						December 31, 2010, 04:27:04 pm
						",7,"
						
						6,626 "," keepingfaith
"
447051,this will make you giggle but its true,scottish,"

						December 25, 2010, 05:21:10 am
						",0,"
						
						3,406 "," scottish
"
445668,new to the forum,yankygrl,"

						December 23, 2010, 08:14:01 pm
						",7,"
						
						4,899 "," yankygrl
"
425763,JUST LEAVE OR STAY?,kitty1,"

						December 21, 2010, 02:33:44 am
						",17,"
						
						9,223 "," Alba66peach
"
445939,"Omg, I'm back",zachysmom,"

						December 20, 2010, 05:24:44 am
						",3,"
						
						3,419 "," BT65
"
436513,Atripla and menstration,SecretKeeper,"

						December 08, 2010, 02:04:37 pm
						",5,"
						
						6,675 "," spicy1
"
436440,Thought you ladies might like this,anniebc,"

						December 03, 2010, 06:31:36 pm
						",3,"
						
						3,479 "," franfrog
"
442083,Did I infected my Friend ?,panda,"

						December 03, 2010, 02:31:37 pm
						",2,"
						
						3,902 "," panda
"
440808,"PCOS, Healthy Living, and Aids",Ravhyn,"

						December 01, 2010, 06:20:50 pm
						",3,"
						
						3,985 "," Ann
"
429241,erm ooops might be the word !,whoknew,"

						November 15, 2010, 10:42:47 am
						",23,"
						
						11,251 "," Ann
"
401737,Could I have infected my BF?,yipiee,"

						November 05, 2010, 07:58:20 am
						",6,"
						
						6,151 "," Ann
"
436479,VL,debsd222,"

						November 04, 2010, 07:31:21 pm
						",3,"
						
						3,704 "," debsd222
"
420287,Lady's thread #72 Shit Happens,Ann,"

						November 04, 2010, 04:15:42 pm
						",114,"
						
						48,271 "," Queen Tokelove
"
359000,"Sex is not the same, Is this normal?",dizzy42,"

						November 02, 2010, 07:52:34 pm
						",9,"
						
						9,736 "," Snowangel
"
399255, new to the forum,phillomena,"

						October 12, 2010, 02:18:43 pm
						",11,"
						
						7,789 "," jay195
"
466136,MOVED: Looking for a womans help and pov.,Ann,"

						April 14, 2011, 05:25:25 am
						",0,"
						
						4,298 "," Ann
"
461078,MOVED: Ugh.....angry again,Ann,"

						March 21, 2011, 09:10:59 am
						",0,"
						
						7,020 "," Ann
"
454336,MOVED: Being Switched rom Truvada/Viramune Combo to Norvir n Prezista???,Ann,"

						February 08, 2011, 12:22:25 pm
						",0,"
						
						3,033 "," Ann
"
447907,MOVED: Pregnancy ,Andy Velez,"

						December 31, 2010, 10:20:12 am
						",0,"
						
						3,454 "," Andy Velez
"
431764,"Am I being selfish, evil, or both?",Blackgold,"

						October 09, 2010, 08:32:31 am
						",4,"
						
						5,261 "," Ann
"
431083,beginnig,auds,"

						October 04, 2010, 06:26:36 am
						",0,"
						
						3,185 "," auds
"
409267,Pregnant with ????'s,keepingfaith,"

						August 24, 2010, 11:57:27 pm
						",17,"
						
						9,235 "," shadamoon05
"
400688,Stamina & HIV,hdgirl,"

						August 24, 2010, 11:34:08 pm
						",5,"
						
						7,156 "," debsd222
"
410233,From hell I raise with other issues,27years,"

						August 15, 2010, 10:09:57 pm
						",13,"
						
						8,070 "," scarredlady
"
411802,Breast cup size increase - is it the meds?,gemini20,"

						July 21, 2010, 10:08:45 am
						",11,"
						
						7,461 "," Ann
"
413835,drop in t-cells,debsd222,"

						July 18, 2010, 01:49:00 pm
						",5,"
						
						6,862 "," debsd222
"
410971,cry and then cry and cry and cry,lylanova,"

						July 18, 2010, 08:20:40 am
						",7,"
						
						6,541 "," emeraldize
"
414362,Anxious about son's 18 month blood results,colourmered,"

						July 15, 2010, 02:03:37 pm
						",2,"
						
						4,587 "," shotis
"
393595,Sexual Problems More Common Among HIV-Positive Women,Ann,"

						July 14, 2010, 06:43:05 am
						",11,"
						
						8,901 "," BusyDame
"
386403,feeling scared and hopeless,scarredlady,"

						June 22, 2010, 07:24:46 am
						",22,"
						
						13,405 "," 27years
"
408368,running for my life,Donna,"

						June 22, 2010, 07:02:20 am
						",2,"
						
						4,422 "," 27years
"
403695,It's been a while....,Karmoni,"

						June 02, 2010, 10:20:41 pm
						",5,"
						
						4,574 "," Karmoni
"
401410,Can HIV+ woman get different virus from HIV+man?,yipiee,"

						May 20, 2010, 10:30:01 am
						",8,"
						
						6,735 "," yipiee
"
399615,frustrated,phillomena,"

						May 15, 2010, 02:26:12 pm
						",7,"
						
						5,259 "," Queen Tokelove
"
399911,HIV & HSV2 Issues!,hdgirl,"

						May 08, 2010, 08:15:46 am
						",11,"
						
						9,210 "," hdgirl
"
399708,New to the Forum,Persa20,"

						May 07, 2010, 11:28:47 am
						",3,"
						
						4,262 "," TabooPrincess
"
394557,Things fall apart,27years,"

						April 11, 2010, 12:52:59 pm
						",4,"
						
						4,874 "," Queen Tokelove
"
267389,Dating Horror...I give up,sexyzpiee,"

						April 11, 2010, 12:02:53 am
						",24,"
						
						18,575 "," SEXY50
"
394304,NEW 2 THE SITE,SEXY50,"

						April 10, 2010, 09:08:29 pm
						",1,"
						
						3,889 "," netta
"
394324,MOVING FORWARD,Survivor25,"

						April 09, 2010, 09:14:57 am
						",1,"
						
						3,015 "," tendai
					"
394101,SO LONELY,SEXY50,"

						April 08, 2010, 01:47:18 am
						",2,"
						
						4,314 "," SEXY50
"
393592,Looking for poz women in chronic pain,Ann,"

						April 06, 2010, 11:13:46 am
						",5,"
						
						5,707 "," netta
"
393754,LOOKING FOR ANSWERS,Survivor25,"

						April 06, 2010, 12:15:48 am
						",0,"
						
						3,557 "," Survivor25
"
393554,THANKFUL,Survivor25,"

						April 05, 2010, 10:11:39 pm
						",2,"
						
						3,850 "," Survivor25
"
391942,Need some advice,Brooke P.,"

						March 29, 2010, 04:55:15 pm
						",1,"
						
						3,563 "," Snowangel
"
388681,Thrush problem!,TabooPrincess,"

						March 20, 2010, 10:13:04 pm
						",8,"
						
						7,100 "," stella8940
"
375580,My Story...,Brooke P.,"

						March 09, 2010, 08:37:53 pm
						",8,"
						
						7,091 "," missy
"
359924,Did I pass it to my boyfriend?,mesu,"

						March 09, 2010, 10:37:21 am
						",5,"
						
						7,309 "," mesu
"
387047,women vs men,Paulette,"

						March 08, 2010, 06:59:40 pm
						",2,"
						
						4,798 "," karry
"
377709,We're getting married!,engineergirl,"

						March 04, 2010, 05:35:29 pm
						",4,"
						
						5,633 "," Ravhyn
"
384201,Important Research Info for Women Only,emeraldize,"

						February 25, 2010, 05:07:49 pm
						",5,"
						
						4,704 "," jay195
"
383741,friends,kitty1,"

						February 23, 2010, 12:20:39 pm
						",2,"
						
						3,374 "," kitty1
"
383738,TRAVEL ,kitty1,"

						February 22, 2010, 12:29:56 pm
						",3,"
						
						3,834 "," Ann
"
382348,Happy Day!,Brooke P.,"

						February 21, 2010, 09:44:23 am
						",3,"
						
						3,707 "," missy
"
381286,hi girls,lylanova,"

						February 21, 2010, 06:54:45 am
						",5,"
						
						5,643 "," TabooPrincess
"
374346,Conceiving,CRAZYred,"

						February 15, 2010, 11:14:59 pm
						",4,"
						
						5,451 "," Thinkahead55
"
379650,starting meds,angelgaby,"

						February 06, 2010, 08:40:03 pm
						",14,"
						
						7,596 "," HollyStar
"
377134,Who-Hah issues...,HollyStar,"

						January 30, 2010, 01:44:21 am
						",5,"
						
						7,216 "," HollyStar
"
377096,"Bone loss, menopause and hiv",Ann,"

						January 18, 2010, 06:49:21 pm
						",1,"
						
						4,698 "," BT65
"
375718,Hello Everyone,Ravhyn,"

						January 14, 2010, 10:42:48 pm
						",6,"
						
						5,532 "," BT65
"
375841,Lower Abdominal  pain...,Brooke P.,"

						January 12, 2010, 10:08:39 pm
						",3,"
						
						4,100 "," Brooke P.
"
425955,MOVED: Living with Kids,Ann,"

						September 08, 2010, 04:09:50 pm
						",0,"
						
						2,986 "," Ann
"
405012,"Ladie's Thread #71-Into Every Life, a Little Rain Must Fall",BT65,"

						August 10, 2010, 05:41:04 pm
						",102,"
						
						41,317 "," BT65
"
414063,MOVED: CHARLOTTE NC ANYONE?,Ann,"

						July 13, 2010, 07:18:59 am
						",0,"
						
						3,933 "," Ann
"
389903,LADIES THREAD #70:...AND THAT'S THE TEMP TODAY!  *SPRING*,MOONLIGHT1114,"

						June 01, 2010, 05:09:20 am
						",116,"
						
						43,537 "," BT65
"
401783,MOVED: poz guy looking for a poz lady to co-parent or carry a baby,Tim Horn,"

						May 17, 2010, 06:02:51 pm
						",0,"
						
						3,953 "," Tim Horn
"
376006," LADIES THREAD # 69 .HAPPY NEW YEAR, NO MORE FEAR,LESS TEARS",netta,"

						March 20, 2010, 11:28:08 am
						",108,"
						
						51,292 "," MOONLIGHT1114
"
388477,MOVED: Looking For HIV+ Female,Tim Horn,"

						March 14, 2010, 08:31:50 am
						",0,"
						
						3,440 "," Tim Horn
"
384143,MOVED: KALETRA AND COMBIVIR,Ann,"

						February 23, 2010, 06:58:23 am
						",0,"
						
						3,095 "," Ann
"
371264,Starting tonite?? Very worried !!,Flower00,"

						January 05, 2010, 11:56:51 pm
						",8,"
						
						6,174 "," HollyStar
"
373933,account question,,"

						January 04, 2010, 02:16:04 am
						",4,"
						
						4,315 "," Ann
"
365063,Too Our sisters - those who can not get the HIV medications we can ,Veritee,"

						December 25, 2009, 07:47:21 pm
						",11,"
						
						9,663 "," debsd222
"
372796,needing to get something out,,"

						December 22, 2009, 07:44:47 pm
						",7,"
						
						6,276 "," netta
"
363314,Sexual Tantra,IAMWENDY,"

						December 20, 2009, 08:04:26 pm
						",4,"
						
						5,930 "," IAMWENDY
"
369626,Gifts....,,"

						December 08, 2009, 10:29:45 pm
						",1,"
						
						3,964 "," emeraldize
"
369398,A little worried..,,"

						December 03, 2009, 05:42:10 am
						",4,"
						
						5,154 "," BT65
"
357520,To all mums and potential mums,whoknew,"

						November 30, 2009, 11:20:51 pm
						",28,"
						
						17,379 "," bleueyes
					"
368644,At home and nothing going on.......,,"

						November 27, 2009, 03:38:20 pm
						",0,"
						
						3,239 "," bleueyes
					"
368555,need someone to talk with,,"

						November 27, 2009, 03:12:49 pm
						",3,"
						
						4,005 "," bleueyes
					"
351829,Abnormal and/or Excessive Vaginal Bleeding?,Cheetara74,"

						November 27, 2009, 03:04:24 am
						",5,"
						
						6,591 "," bleueyes
					"
367433,HIV Research study at Northwestern University looking for women to participate!,rochs3,"

						November 20, 2009, 03:44:29 pm
						",1,"
						
						4,471 "," Ann
"
362459,3 weeks on Truvada & Stocrin and i'm loving it,Tp01,"

						November 18, 2009, 04:27:02 pm
						",3,"
						
						7,269 "," Langie
"
363336,want to have a baby,carmen,"

						October 31, 2009, 02:34:48 pm
						",2,"
						
						3,846 "," carmen
"
361209,"For Ann, BT and all the other ladies who post here",anniebc,"

						October 29, 2009, 04:19:37 pm
						",7,"
						
						5,756 "," netta
"
358831,"mothers,daughters, and grandmothers",mdgjustlikeme,"

						October 27, 2009, 03:25:35 pm
						",7,"
						
						5,383 "," netta
"
361054,Hiv and Conception. Question about sperm washing.,PinkLady4,"

						October 13, 2009, 10:42:21 pm
						",0,"
						
						3,605 "," PinkLady4
"
359194,goodnight,mdgjustlikeme,"

						October 04, 2009, 09:53:17 am
						",2,"
						
						3,684 "," mdgjustlikeme
"
357076,feeling suicidal,imjustme,"

						October 04, 2009, 12:04:39 am
						",9,"
						
						7,596 "," mdgjustlikeme
"
354943,Dating and Relationships - Is it possible for women who are POZ?,MissC1976,"

						October 03, 2009, 09:46:17 am
						",10,"
						
						8,305 "," mdgjustlikeme
"
211471,Unable to Sleep,courage757,"

						October 02, 2009, 10:36:42 pm
						",4,"
						
						7,101 "," dizzy42
"
354952,hi from me,whoknew,"

						September 27, 2009, 05:02:53 am
						",7,"
						
						5,954 "," whoknew
"
356672,ORAL SEX  ,panda,"

						September 26, 2009, 08:02:05 pm
						",10,"
						
						7,932 "," Snowangel
"
357722,Hello!!!!  Back after a year's absence,Sweet_C,"

						September 26, 2009, 11:14:07 am
						",2,"
						
						3,300 "," Sweet_C
"
357287,Question about Meds,imjustme,"

						September 23, 2009, 11:53:49 pm
						",2,"
						
						3,865 "," Daffodil42
"
341736,Doctor's adviced (U don't need to use a condom if u both have the same virus),dizzy42,"

						September 22, 2009, 05:50:01 am
						",16,"
						
						13,586 "," Ann
"
356674,Liposuction + Bioalcamid and fertilinty drugs,panda,"

						September 19, 2009, 01:08:06 pm
						",0,"
						
						3,120 "," panda
"
354846,Something I Wanted To Share.,insatiable1973,"

						September 09, 2009, 04:26:53 pm
						",3,"
						
						4,010 "," insatiable1973
"
351377,How long will I feel so trapped,TabooPrincess,"

						September 08, 2009, 03:17:14 pm
						",5,"
						
						6,341 "," whoknew
"
328623,i want a baby,NHLA,"

						September 04, 2009, 03:02:14 pm
						",11,"
						
						8,836 "," TabooPrincess
"
176170,After being Diagnosed,Darknessfalls,"

						August 31, 2009, 07:12:19 am
						",23,"
						
						17,028 "," tendai
					"
314841,hiv positive and cancelled ivf cycles,tinashura,"

						August 22, 2009, 07:08:19 pm
						",8,"
						
						11,524 "," Victory101
"
350330,I think I need to hang out here more often.,mpositive,"

						August 21, 2009, 05:47:59 pm
						",5,"
						
						4,764 "," Cheetara74
"
349631,hi everyone,ladybleu,"

						August 16, 2009, 01:16:53 am
						",7,"
						
						5,323 "," #1 mom
"
341052,Fatigue,molly,"

						August 09, 2009, 08:02:09 am
						",4,"
						
						4,760 "," jay195
"
339383,Ready to Datae - Need Help,Tryin2bhappy,"

						August 09, 2009, 07:24:13 am
						",17,"
						
						10,065 "," jay195
"
348661,Both HIV positive couple infertility,carmen,"

						August 01, 2009, 01:43:49 pm
						",0,"
						
						3,450 "," carmen
"
347498,newbie,jay195,"

						July 29, 2009, 05:38:33 am
						",8,"
						
						5,424 "," MOONLIGHT1114
"
347587,Bad Thoughts,,"

						July 28, 2009, 12:44:23 am
						",2,"
						
						3,997 "," bleueyes
					"
347080,Me again!! New Question what is seroconversion,Pammypoo,"

						July 24, 2009, 09:50:21 am
						",2,"
						
						5,185 "," Pammypoo
"
346560,Good News & Question about Atripla,Pammypoo,"

						July 23, 2009, 08:41:36 pm
						",15,"
						
						10,477 "," missy
"
370433,"LADIES THREAD #68: When Life Snows On You, Make Snow Angels!",MOONLIGHT1114,"

						January 12, 2010, 07:07:58 pm
						",103,"
						
						42,320 "," netta
"
372599,MOVED: People Living with HIV/AIDS (PLWHA) in VIET NAM,Tim Horn,"

						December 18, 2009, 05:49:46 pm
						",0,"
						
						3,205 "," Tim Horn
"
364493,"LADIES THREAD # 67.....HOLY CRAP, THE HOLIDAYS ARE COMMING!!!!!",netta,"

						December 10, 2009, 05:23:22 pm
						",116,"
						
						47,695 "," BT65
"
367911,MOVED: sexy guy,Ann,"

						November 23, 2009, 07:37:15 am
						",0,"
						
						4,343 "," Ann
"
360172,"Ladie's Thread #66-Falling into Fall, or ""Crap! Here comes the cold.""",BT65,"

						November 04, 2009, 12:54:15 pm
						",104,"
						
						41,015 "," netta
"
356120,Ladies Thread 65: These boots were made for walking or Life Lessons...,Queen Tokelove,"

						October 09, 2009, 06:58:54 am
						",109,"
						
						42,735 "," BT65
"
351880,Ladies' Thread #64: HIV - Fight it like a GIRL!,minismom,"

						September 15, 2009, 07:59:44 pm
						",105,"
						
						47,931 "," Queen Tokelove
"
349618,Ladies Thread #63:  Hot Fun in the Summertime! ,MOONLIGHT1114,"

						August 20, 2009, 10:45:25 pm
						",101,"
						
						44,579 "," minismom
"
346391,Ladies Thread # 62- Summer Breeze,Queen Tokelove,"

						August 07, 2009, 04:37:50 pm
						",108,"
						
						41,249 "," Queen Tokelove
"
346099,Question about periods?,Pammypoo,"

						July 20, 2009, 02:02:03 pm
						",3,"
						
						4,379 "," Ann
"
345073,Youth involvement with other PLWHA in your area?,Sheri,"

						July 14, 2009, 08:35:04 pm
						",3,"
						
						3,851 "," minismom
"
340440,Need advice Re: publishing a book,stella8940,"

						July 11, 2009, 07:32:12 pm
						",2,"
						
						3,475 "," nikki
"
260376,"The Lipo Belly and the HGH Studies (aka ""when are you due?"")",stella8940,"

						July 02, 2009, 06:50:50 pm
						",9,"
						
						7,008 "," BT65
"
335024,Out of the Mouths of Babes OR How your child has embarrassed you lately :)!,Snowangel,"

						June 07, 2009, 02:35:26 pm
						",13,"
						
						7,616 "," Snowangel
"
337335,"I am back here again, been trying to work on things.",,"

						May 31, 2009, 02:57:37 am
						",2,"
						
						4,369 "," emeraldize
"
338048,"I cant sleep, ANY ADVICE??",VenusGirl,"

						May 29, 2009, 10:16:32 pm
						",3,"
						
						4,502 "," Winiroo
"
323962,"I WANT TO DIE, WHY DOESN'T GOD JUST LET ME DIE",mystery901,"

						May 24, 2009, 03:07:35 am
						",11,"
						
						17,760 "," bleueyes
					"
337358,Hello again,,"

						May 24, 2009, 02:26:35 am
						",0,"
						
						3,226 "," bleueyes
					"
337200,Introducing myself - new lurker,TabooPrincess,"

						May 23, 2009, 11:19:22 pm
						",2,"
						
						4,072 "," vivyt
"
328885,Positive and Pregnant,pozandpregnantct,"

						May 20, 2009, 05:06:52 pm
						",7,"
						
						6,117 "," Snowangel
"
242740,Share your Inspiration!,med forum,"

						May 10, 2009, 01:36:48 pm
						",15,"
						
						11,193 "," shotis
"
333945,any social workers about!!!,shotis,"

						May 05, 2009, 05:38:56 pm
						",3,"
						
						5,423 "," shotis
"
331344,Is it possible the drugs we take lowering our fertility ?,panda,"

						May 01, 2009, 09:57:03 am
						",15,"
						
						9,060 "," panda
"
328422,Today I have been knowingly living with HIV for a year (My feelings),Happy1976,"

						April 28, 2009, 02:46:20 pm
						",6,"
						
						6,177 "," Veritee
"
329042,how can i gain weight being positive,trevtrent,"

						April 26, 2009, 05:29:57 am
						",2,"
						
						7,930 "," Veritee
"
333133,A friend asked me to pass this on...,anniebc,"

						April 25, 2009, 08:54:23 am
						",2,"
						
						5,144 "," Ann
"
333129,New Here....,idahogirl,"

						April 25, 2009, 08:32:46 am
						",1,"
						
						3,794 "," BT65
"
329085,New here ,havetohavefaith,"

						April 02, 2009, 08:38:26 am
						",6,"
						
						5,085 "," havetohavefaith
"
320675,Depression?,bunny76,"

						March 31, 2009, 10:40:24 am
						",7,"
						
						6,152 "," netta
"
301444,I hit the two year mark,TreDai,"

						March 28, 2009, 06:35:46 pm
						",12,"
						
						7,777 "," bobean
"
295975,Diet Pills and HIV,keepingfaith,"

						March 04, 2009, 10:29:06 pm
						",9,"
						
						15,519 "," TreDai
"
324556,Just For Mini's Mom,TreDai,"

						March 03, 2009, 09:26:34 pm
						",0,"
						
						3,753 "," TreDai
"
323715,Reformed Lurker,FruitLoop,"

						March 03, 2009, 03:55:09 am
						",8,"
						
						5,397 "," FruitLoop
"
323552,Lost & Confuse,Tryin2bhappy,"

						February 25, 2009, 09:47:40 pm
						",2,"
						
						4,367 "," Snowangel
"
319769,Hurting,browneyes1976,"

						February 05, 2009, 06:32:33 pm
						",8,"
						
						6,730 "," peregrine
"
319857,"Newly diagnosed, abdominal swelling",peregrine,"

						February 05, 2009, 06:17:02 pm
						",4,"
						
						5,611 "," peregrine
"
316983,Need tips for disclosing status to kids,Trish,"

						February 04, 2009, 06:12:18 pm
						",6,"
						
						5,360 "," Winiroo
"
319092,Receiving my results for the 1st time and deciding to live,Happy1976,"

						February 03, 2009, 10:30:44 pm
						",4,"
						
						4,199 "," nikki
"
319845,Finding Myself,postivelybeautiful27,"

						February 03, 2009, 08:10:52 am
						",2,"
						
						3,624 "," BT65
"
302972,Newbie/lurker introduction,Sheri,"

						January 26, 2009, 06:07:58 pm
						",18,"
						
						8,467 "," willowwind
"
310237,How do i let go,postivelybeautiful27,"

						January 23, 2009, 12:07:47 pm
						",11,"
						
						8,386 "," netta
"
305590,"""I kissed a girl,"" she said.",engineergirl,"

						January 22, 2009, 01:12:03 am
						",20,"
						
						14,309 "," engineergirl
"
315974,any info on pregnancy,tordam,"

						January 15, 2009, 05:24:30 pm
						",3,"
						
						4,902 "," Snowangel
"
316267,just wondering,tinashura,"

						January 15, 2009, 06:43:29 am
						",4,"
						
						4,498 "," Ann
"
315112,I am bored,,"

						January 08, 2009, 01:50:32 am
						",3,"
						
						5,078 "," Veritee
"
308606,Unsure,alhn,"

						January 06, 2009, 10:09:45 am
						",16,"
						
						10,750 "," kajnjewel
"
311876,any ladies with info on pregnancy?,uk lady,"

						January 06, 2009, 03:20:52 am
						",13,"
						
						9,198 "," tinashura
"
341339,Ladies Thread #61-Say good-bye to the Winter blues,BT65,"

						July 20, 2009, 06:51:53 pm
						",118,"
						
						48,574 "," Queen Tokelove
"
338253,LT #60: All who wander are not lost,minismom,"

						June 21, 2009, 07:42:16 pm
						",106,"
						
						46,051 "," netta
"
340205,MOVED: Any positive woman interested in a parenting partnership ?,Tim Horn,"

						June 14, 2009, 12:32:31 am
						",0,"
						
						3,409 "," Tim Horn
"
335321,"LT#59: Graduations, Spring Cleaning and New Beginnings",Ann,"

						May 31, 2009, 06:30:39 am
						",104,"
						
						46,438 "," minismom
"
330848,Ladies Thread #58  Blossoming Joys And Happiness,Winiroo,"

						May 09, 2009, 07:19:31 am
						",103,"
						
						45,120 "," Ann
"
328512,"Ladies Thread #57: Whichever way they throw us, we WILL stand!",minismom,"

						April 12, 2009, 12:27:58 pm
						",66,"
						
						31,036 "," Winiroo
"
324830,Ladies Thread #56 Marching to a Different Drummer,Ann,"

						March 27, 2009, 06:33:38 pm
						",103,"
						
						44,676 "," minismom
"
322509,Ladies Thread Part 55---Love is in the Air and positive things are in bloom...,Queen Tokelove,"

						March 05, 2009, 10:18:57 am
						",106,"
						
						53,158 "," Queen Tokelove
"
320399,Ladies Thread Part 54.......The Sun is on the Horizion.... Or is it???,keepingfaith,"

						February 18, 2009, 10:41:41 pm
						",101,"
						
						41,672 "," Queen Tokelove
"
317847,"Ladies Thread Part 53-Freezing hands, warm heart?",BT65,"

						February 06, 2009, 01:47:34 pm
						",108,"
						
						46,829 "," camille07
"
314789,"Ladies Thread part 1. 2009 ""HAPPY NEW YEAR, YOU ALL ARE SO DEAR'",netta,"

						January 21, 2009, 10:07:35 am
						",109,"
						
						47,756 "," BT65
"
315860,MOVED: Very worried about exposure,anniebc,"

						January 10, 2009, 04:00:55 pm
						",0,"
						
						3,502 "," anniebc
"
314665,wasting body and solutions,apple,"

						January 05, 2009, 04:50:37 pm
						",5,"
						
						5,777 "," code3mama
"
314645,Questions in the form of a story...,,"

						January 05, 2009, 12:07:07 pm
						",7,"
						
						5,267 "," BT65
"
312661,Need to vent...,,"

						January 05, 2009, 10:56:26 am
						",7,"
						
						5,320 "," bleueyes
					"
314495,I am tired of thinking,,"

						January 03, 2009, 03:45:01 pm
						",3,"
						
						4,185 "," bleueyes
					"
311503,POZ Personals,alhn,"

						January 01, 2009, 11:42:01 pm
						",20,"
						
						17,138 "," kajnjewel
"
221891,I am angry all the time whats wrong with me?,lady89,"

						December 31, 2008, 10:04:57 am
						",9,"
						
						11,894 "," Veritee
"
270529,Cornwall UK,Veritee,"

						December 31, 2008, 09:04:28 am
						",7,"
						
						7,094 "," Veritee
"
312315,HIV infects women through healthy tissue: U.S. study,emeraldize,"

						December 24, 2008, 06:10:33 pm
						",2,"
						
						4,570 "," BT65
"
305199,Whenever I am about to make ends meet someone moves the ends,27years,"

						December 20, 2008, 05:10:38 am
						",20,"
						
						12,810 "," bluebird
"
311142,"You learn something new everyday, even from Vanna ",Snowangel,"

						December 14, 2008, 08:41:49 pm
						",7,"
						
						4,789 "," kajnjewel
"
311280,Hi...,,"

						December 14, 2008, 08:13:52 am
						",2,"
						
						3,906 "," BT65
"
310456,feeling blah...,,"

						December 13, 2008, 06:07:17 pm
						",8,"
						
						5,846 "," bleueyes
					"
310220,Serious Thoughts...,,"

						December 09, 2008, 03:59:50 pm
						",3,"
						
						3,719 "," bleueyes
					"
250627,I'm looking 4 women who's partner knowingly gave them HIV,jennysunshine333,"

						December 02, 2008, 07:50:18 am
						",28,"
						
						20,113 "," Deeliteful
"
304820,I walked a mile with pleasure ...,Lostgirl,"

						November 23, 2008, 09:34:39 pm
						",4,"
						
						10,118 "," coiyass
"
303293,white women,MadTX,"

						November 22, 2008, 07:34:48 am
						",9,"
						
						9,052 "," Ann
"
307306,One of those moods...,,"

						November 22, 2008, 05:13:02 am
						",0,"
						
						4,572 "," bleueyes
					"
302661,"New here, newly positive, and have a very personal question.",fallenfromgrace,"

						November 22, 2008, 03:28:55 am
						",4,"
						
						5,734 "," bleueyes
					"
281995,Our stories,whirl400,"

						November 21, 2008, 03:13:57 pm
						",22,"
						
						13,792 "," kajnjewel
"
306860,Not up to much...,,"

						November 19, 2008, 02:11:44 pm
						",1,"
						
						3,387 "," BT65
"
293483,Girls - I need your help - I just found I am pregnent,panda,"

						November 15, 2008, 07:08:49 pm
						",27,"
						
						15,985 "," BT65
"
304402,Web Sites for Poz Women  ,Jody,"

						November 06, 2008, 07:08:11 pm
						",3,"
						
						5,854 "," Sweet_C
"
217375,I thought this deserved a thread all on it's own...,Dragonette,"

						October 17, 2008, 06:15:59 pm
						",39,"
						
						23,446 "," TreDai
"
292502,Problem with dating,blackbeauty40,"

						October 13, 2008, 10:49:28 pm
						",8,"
						
						8,094 "," charred
"
298696,gezz,hivandsexy,"

						October 10, 2008, 08:13:17 am
						",2,"
						
						6,059 "," tendai
					"
297979,Question on a relationship ,alhn,"

						October 07, 2008, 05:29:22 am
						",3,"
						
						4,986 "," 27years
"
298173,Vacation went well...,,"

						October 03, 2008, 07:48:23 pm
						",0,"
						
						3,120 "," bleueyes
					"
297464,Going on a mini vacation...,,"

						October 02, 2008, 09:29:03 am
						",4,"
						
						3,753 "," jennynyc7
"
297455,So nice...,,"

						October 01, 2008, 09:19:38 pm
						",4,"
						
						4,362 "," Sweet_C
"
297292,just venting,Paulette,"

						October 01, 2008, 10:26:31 am
						",5,"
						
						5,764 "," tendai
					"
296814,Ewww...,Sweet_C,"

						September 29, 2008, 08:56:02 pm
						",5,"
						
						5,382 "," Sweet_C
"
297117,Can a spouse receive treament and meds without the other spouse finding out?,crazyladie,"

						September 29, 2008, 08:00:51 am
						",8,"
						
						7,857 "," emeraldize
"
295318,Blow job without a condom-did I put him at risk,27years,"

						September 26, 2008, 09:27:50 pm
						",10,"
						
						54,609 "," 27years
"
245368,How Old Are You Ladies???,Cheetara74,"

						September 26, 2008, 02:55:03 pm
						",96,"
						
						55,486 "," jennynyc7
"
296790,Calling All Poz,100proofBrandy,"

						September 26, 2008, 12:27:12 pm
						",0,"
						
						3,807 "," 100proofBrandy
"
296466,hello...,,"

						September 25, 2008, 06:41:51 pm
						",3,"
						
						4,235 "," Queen Tokelove
"
296232,Awkward,jennynyc7,"

						September 25, 2008, 10:16:39 am
						",5,"
						
						4,605 "," jennynyc7
"
280309,My life really sucks after 2 years of being positive,atlgal2,"

						September 25, 2008, 04:17:31 am
						",19,"
						
						18,155 "," bleueyes
					"
294126,Looking for new BFF's,MplsLady76,"

						September 19, 2008, 12:21:19 pm
						",4,"
						
						4,241 "," mimi1965
"
293082,Disclosure after sex?!?,globetrotter,"

						September 17, 2008, 06:08:06 am
						",13,"
						
						10,657 "," Ann
"
293982,VIN and HRT,LFC,"

						September 16, 2008, 04:35:58 pm
						",2,"
						
						5,607 "," LFC
"
311790,Ladies Thread Part 51..Ditching the Old and Bringing in the New....,Queen Tokelove,"

						January 04, 2009, 10:13:39 am
						",101,"
						
						40,565 "," BT65
"
308405,"Ladies THREAD PART 50, ""STILL I RISE, THROUGH THESE TROUBLED TIMES""",netta,"

						December 16, 2008, 07:18:30 pm
						",118,"
						
						44,537 "," Queen Tokelove
"
304945,"Ladies Thread Part 49- ""YES WE CAN"" Be happy, Be strong, Be Proud!!",Snowangel,"

						November 29, 2008, 08:33:23 pm
						",111,"
						
						44,438 "," netta
"
305443,unprotected sex with poz partner,m8lukie,"

						November 11, 2008, 09:00:15 am
						",2,"
						
						5,947 "," Ann
"
299949,"Ladie's Thread-Part 48  Cooling off of temps, cooling off of tempers",BT65,"

						November 06, 2008, 07:12:15 pm
						",115,"
						
						47,954 "," Winiroo
"
297313,"Ladies' Thread - Part 47: ""Time flies like an arrow; fruit flies like a banana.""",MOONLIGHT1114,"

						October 12, 2008, 09:38:21 am
						",109,"
						
						54,280 "," BT65
"
298324,MOVED: trust and comfort,anniebc,"

						October 04, 2008, 05:34:41 pm
						",0,"
						
						3,375 "," anniebc
"
294565,Ladies' Thread 46: Faith is carrying an umbrella,minismom,"

						September 29, 2008, 07:19:24 pm
						",102,"
						
						47,927 "," MOONLIGHT1114
"
291608,"Ladies' Thread #45: Pozitively Beautiful, Pozitively Amazing, Pozitively Poz!",minismom,"

						September 17, 2008, 07:40:00 am
						",107,"
						
						48,632 "," minismom
"
147022,By way of introduction,sweetasmeli,"

						September 16, 2008, 01:43:55 am
						",81,"
						
						51,894 "," #1 mom
"
294255,need an answer...,,"

						September 15, 2008, 11:02:03 pm
						",1,"
						
						4,237 "," minismom
"
291041,What am I here for...?,,"

						September 15, 2008, 10:24:11 pm
						",3,"
						
						5,104 "," bleueyes
					"
293850,States girl needs help in the UK??,castar,"

						September 15, 2008, 07:58:45 am
						",2,"
						
						4,178 "," LFC
"
292747,"Nobody to talk to, need to vent",jennynyc7,"

						September 12, 2008, 01:37:16 pm
						",5,"
						
						4,870 "," jennynyc7
"
291632,"PASSED HIV TO SON, NOW HAS RESTRICTIONS ON WHAT TRAINING HE CAN TAKE ",Begud,"

						September 12, 2008, 05:41:17 am
						",3,"
						
						4,498 "," shotis
"
276737,Myspace/ Facebook,keepingfaith,"

						September 06, 2008, 01:03:14 pm
						",46,"
						
						23,952 "," riverlassie
"
286727,LIVING WITH HIV/HW DO I TELL MY FRIENDS,zanele38,"

						September 06, 2008, 12:22:35 pm
						",11,"
						
						9,336 "," riverlassie
"
291890,"PASSED HIV TO SON, NOW HAS RESTRICTIONS ON WHAT TRAINING HE CAN TAKE ",Begud,"

						September 05, 2008, 12:04:02 pm
						",0,"
						
						3,876 "," Begud
"
290049,"Ladies Thread no. 44. ""SISTERS OF THE TRAVELING- NO PANTSUITS !""",netta,"

						September 04, 2008, 07:55:03 am
						",103,"
						
						51,326 "," minismom
"
284839,anyone experienced with viramune and/or intelence?,OutOfDarkness,"

						August 22, 2008, 03:51:07 pm
						",8,"
						
						8,401 "," valerie
"
288791,Just had a party!,Lovinglife,"

						August 22, 2008, 12:11:29 pm
						",3,"
						
						3,906 "," Lovinglife
"
269440,Pregnancy Questions,Coffeechick88,"

						August 22, 2008, 09:50:52 am
						",19,"
						
						12,309 "," spicy1
"
281304,"Cervical Dysplasia, anyone?",NothingButSunshine,"

						August 22, 2008, 09:49:37 am
						",10,"
						
						9,193 "," vivyt
"
275401,My baby is finally here!,Coffeechick88,"

						August 20, 2008, 06:33:27 pm
						",26,"
						
						14,162 "," BT65
"
287570,Confused married women,madi,"

						August 20, 2008, 07:21:01 am
						",9,"
						
						8,302 "," tendai
					"
287527,Transsexuality,Lostgirl,"

						August 18, 2008, 01:32:54 pm
						",6,"
						
						6,403 "," TreDai
"
287733,Anyone have trouble with waxing?,positively_me,"

						August 17, 2008, 11:21:50 am
						",6,"
						
						9,196 "," positively_me
"
286908,Chat Room?,Cheryl J,"

						August 13, 2008, 07:38:29 am
						",4,"
						
						6,495 "," Ann
"
284880,Never ever give up on dreams l learned that lesson today,bluelove,"

						August 05, 2008, 07:16:44 am
						",6,"
						
						7,205 "," emeraldize
"
272712,How to get over the Love of your Life when he chooses men over you. ,MplsLady76,"

						July 28, 2008, 05:30:40 pm
						",18,"
						
						12,165 "," MplsLady76
"
282654,It has been a while.,TreDai,"

						July 28, 2008, 05:03:38 pm
						",5,"
						
						4,799 "," TreDai
"
280973,Ear Piercing,27years,"

						July 19, 2008, 02:31:39 pm
						",16,"
						
						12,884 "," BT65
"
279014,Ladies I need your opinions....,jshort,"

						July 08, 2008, 08:11:50 am
						",13,"
						
						7,267 "," mahalia
"
279500,Hardknocks life for ME,shadoos,"

						July 07, 2008, 09:07:40 am
						",5,"
						
						5,036 "," wishful
"
276421,What are you Ladies cooking tonight?,keepingfaith,"

						July 03, 2008, 09:18:49 pm
						",39,"
						
						20,679 "," keepingfaith
"
276372,hello new to the site,sprial10,"

						June 30, 2008, 01:53:39 pm
						",9,"
						
						5,712 "," Blessed1974
"
276802,why everything is going against me  :-[,panda,"

						June 30, 2008, 04:40:47 am
						",7,"
						
						8,924 "," catwoman
"
277922,thank you!,morethanpoz28,"

						June 29, 2008, 09:27:21 am
						",2,"
						
						3,876 "," BT65
"
276663,Finding an ob/gyn,morethanpoz28,"

						June 24, 2008, 11:15:41 am
						",1,"
						
						3,832 "," BeTheLove
					"
267319,Starting Atripla tonight. ,pink_beauty,"

						June 19, 2008, 11:28:28 pm
						",15,"
						
						12,591 "," courage757
"
260320,The Gifts I See in HIV...,,"

						June 16, 2008, 12:01:07 am
						",29,"
						
						15,173 "," Losta
"
273124,I was n't here for a while ... ,panda,"

						June 15, 2008, 06:45:09 pm
						",11,"
						
						6,824 "," BT65
"
272981,Dating...,,"

						June 11, 2008, 08:37:40 am
						",3,"
						
						4,234 "," tendai
					"
260684,Hello and thank you!,justakuntrygul,"

						May 24, 2008, 07:43:28 pm
						",9,"
						
						6,076 "," Losta
"
269329,Dating And Not Sure When 2 Tell !!,sexyzpiee,"

						May 22, 2008, 05:06:49 pm
						",5,"
						
						5,206 "," sexyzpiee
"
262348,10 things I'd like you to know about me,,"

						May 22, 2008, 12:15:32 am
						",29,"
						
						17,498 "," Losta
"
262608,Newbie Here...HELLO :0),gone5150,"

						May 19, 2008, 11:53:43 pm
						",17,"
						
						9,489 "," Losta
"
266950,What do I do? what do I say!,Victory101,"

						May 16, 2008, 10:06:07 pm
						",6,"
						
						7,032 "," TreDai
"
288489,Ladies Thread No 43: Strike a woman - you strike a rock..,1,"

						August 27, 2008, 12:38:13 pm
						",104,"
						
						56,703 "," Tatenda
"
286499,"Ladies Thread #42  The more we share, the more we have.",Winiroo,"

						August 20, 2008, 07:24:27 am
						",111,"
						
						55,456 "," tendai
					"
284053,"Ladies thread #41 No matter where you go, there you are!",Winiroo,"

						August 10, 2008, 01:20:48 pm
						",104,"
						
						48,162 "," Winiroo
"
281868,"Dating Thread #40: no light without shadow, no love without pain ",Dragonette,"

						July 29, 2008, 10:37:59 am
						",102,"
						
						50,536 "," Winiroo
"
280027,Dating Thread Part 39-Let's not do the Roman anymore,BT65,"

						July 17, 2008, 08:27:50 pm
						",101,"
						
						44,558 "," Dragonette
"
278402,"Dating Thread XXVIII: I love you, You love me...what else do we need?",minismom,"

						July 08, 2008, 05:13:10 pm
						",106,"
						
						53,999 "," BT65
"
276506,"Dating Thread XXVII: It's Warm, and now Poof, Where My Ladies At?",Queen Tokelove,"

						July 01, 2008, 04:10:57 pm
						",106,"
						
						52,542 "," minismom
"
273819,DATING THREAD PART XXXV1 - HALFWAY THERE ALREADY!!,1,"

						June 23, 2008, 04:29:22 pm
						",104,"
						
						54,347 "," Queen Tokelove
"
270532,Dating Thread Part XXXV- I Haven't Got Time for the Pain,BT65,"

						June 11, 2008, 04:06:30 am
						",130,"
						
						68,654 "," tendai
					"
267969,"Dating Thread XXXIV: I am woman, hear me ROAR!!!!!",Queen Tokelove,"

						May 27, 2008, 08:05:13 am
						",108,"
						
						52,784 "," BT65
"
265886,"Dating Thread XXXIII - Energizer Bunny arrested, charged with battery.",Winiroo,"

						May 16, 2008, 01:37:38 pm
						",106,"
						
						52,537 "," Queen Tokelove
"
266023,What would you do...,,"

						May 15, 2008, 05:44:25 pm
						",15,"
						
						10,174 "," Victory101
"
267413,Today......... I just want to thank you all........... ,Losta,"

						May 15, 2008, 12:06:54 am
						",7,"
						
						5,660 "," Losta
"
262604,"Further Insights on Secrecy, Privacy and the Art of Disclosue",,"

						May 14, 2008, 07:46:32 pm
						",3,"
						
						4,724 "," fraidknot
"
267406,started school,,"

						May 14, 2008, 03:39:57 pm
						",4,"
						
						4,630 "," 27years
"
266382,Pregnant thoughts,yasoza,"

						May 14, 2008, 11:15:09 am
						",13,"
						
						10,012 "," BT65
"
263505,POZ dating site,dorjus,"

						May 14, 2008, 07:37:30 am
						",8,"
						
						8,834 "," BT65
"
266342,A Mess...,,"

						May 09, 2008, 04:39:33 am
						",3,"
						
						4,571 "," tendai
					"
266029,Ten Things I Pray to Own in My Heart As True...,,"

						May 09, 2008, 12:13:08 am
						",5,"
						
						4,811 "," Losta
"
260034,Having trouble sleeping,TreDai,"

						May 08, 2008, 10:03:49 am
						",11,"
						
						9,237 "," sexyatlpeach1
"
265720,How would you say it............,Losta,"

						May 07, 2008, 01:26:24 pm
						",8,"
						
						5,480 "," gone5150
"
265717,Hello Again...,,"

						May 07, 2008, 06:02:18 am
						",2,"
						
						5,271 "," tendai
					"
265766,I am fine with being home...,,"

						May 06, 2008, 10:27:58 am
						",2,"
						
						5,547 "," Dragonette
"
265536,I am here finally,,"

						May 05, 2008, 06:39:08 pm
						",3,"
						
						3,800 "," BT65
"
265251,To My Family of Diva's Thank You!!,TreDai,"

						May 05, 2008, 07:14:15 am
						",3,"
						
						3,761 "," BT65
"
264407,I got lucky last night!!!,Snowangel,"

						May 05, 2008, 03:50:30 am
						",17,"
						
						8,204 "," justakuntrygul
"
240765,how do u deal with PMS?,,"

						May 04, 2008, 02:19:05 pm
						",21,"
						
						13,918 "," pink_beauty
"
264912,"I WANT TO THANK YOU..... LADIES, SPECIALLY  ""BETHELOVE""",Losta,"

						May 03, 2008, 10:44:26 am
						",2,"
						
						5,394 "," Queen Tokelove
"
263027,Positive thoughts for Women,camille07,"

						May 03, 2008, 07:41:57 am
						",6,"
						
						7,052 "," emeraldize
"
260543, 3 THINGS WE  WOMEN DID TO NUTURE OURSELVES THIS WEEK,netta,"

						May 02, 2008, 07:32:41 pm
						",38,"
						
						22,403 "," Winiroo
"
246030,A fashion fad you wouldn't repeat,Snowangel,"

						May 02, 2008, 02:13:24 am
						",48,"
						
						26,898 "," Goodlife47
"
262666,Giving up on dating or l cannot win,bluelove,"

						April 30, 2008, 06:36:20 pm
						",15,"
						
						9,413 "," netta
"
259730,lymphoma,Diamond,"

						April 30, 2008, 10:31:18 am
						",3,"
						
						3,800 "," BT65
"
263476,Would you lower your standards ,thandi,"

						April 29, 2008, 03:24:27 pm
						",10,"
						
						7,302 "," thandi
"
260822,Hiv infected man brags on You Tube about the women he infected,netta,"

						April 28, 2008, 01:50:46 pm
						",30,"
						
						19,225 "," mimi1965
"
262064,I just have to vent--email from a person haunting me from the past,Coffeechick88,"

						April 24, 2008, 01:22:42 pm
						",8,"
						
						5,710 "," Winiroo
"
260555,Secrecy vs. Privacy,,"

						April 23, 2008, 02:55:25 pm
						",21,"
						
						11,732 "," BeTheLove
					"
253601,"The food thread - ""we desrve to be healthy & in shape""...",Dragonette,"

						April 23, 2008, 01:51:57 pm
						",136,"
						
						55,912 "," BT65
"
262047,HPV and HIV,Veritee,"

						April 22, 2008, 02:01:05 pm
						",3,"
						
						6,873 "," Veritee
"
261886,hey ya'll,seekay70,"

						April 22, 2008, 07:54:17 am
						",2,"
						
						3,835 "," BT65
"
260346,New to the forum,,"

						April 21, 2008, 11:36:23 am
						",8,"
						
						5,628 "," tendai
					"
260176,"hi everyone, Im new also",zazi22,"

						April 21, 2008, 08:41:39 am
						",15,"
						
						7,924 "," BT65
"
239311,why don't i feel sexual,al,"

						April 18, 2008, 06:16:51 pm
						",33,"
						
						19,592 "," BT65
"
257865,Question for the ladies on meds,confusedme,"

						April 18, 2008, 01:45:06 pm
						",11,"
						
						7,112 "," yasoza
"
259255,Hi! I'm new! ,pink_beauty,"

						April 18, 2008, 01:26:55 am
						",16,"
						
						7,938 "," justakuntrygul
"
256779,"Hi Everyone, 20 yrs pos new member",stella8940,"

						April 16, 2008, 08:06:29 pm
						",16,"
						
						8,249 "," stella8940
"
259813,Women and Power,NicoleJ,"

						April 16, 2008, 10:55:06 am
						",3,"
						
						3,836 "," TreDai
"
259155,long term hiv/hcv woman survior ,courage757,"

						April 13, 2008, 07:01:13 am
						",2,"
						
						4,864 "," BT65
"
259046,"Charity, anyone?",minismom,"

						April 12, 2008, 07:26:27 pm
						",2,"
						
						4,735 "," Snowangel
"
257711,Does anyone else drink too much!,Veritee,"

						April 12, 2008, 06:56:07 am
						",25,"
						
						13,756 "," BT65
"
253714,Indroducing myself ,germangirl,"

						April 11, 2008, 10:19:06 am
						",7,"
						
						5,328 "," ubotts
"
258018,Just really tired of being tired ,superkim24,"

						April 09, 2008, 04:01:21 pm
						",1,"
						
						5,166 "," BT65
"
232190,Menopause in HIV+ Women,BT65,"

						April 09, 2008, 11:13:46 am
						",9,"
						
						6,605 "," ubotts
"
252723,My Intro Thread Hi Everyone!!,TreDai,"

						April 04, 2008, 05:04:04 pm
						",23,"
						
						9,807 "," 27years
"
263482,Dating Thread XXXII: LET THE GAMES BEGIN!!,wishful,"

						May 06, 2008, 09:10:43 pm
						",108,"
						
						45,258 "," Winiroo
"
262234,Dating Thread Part XXXI-School's Out For the Summer,BT65,"

						April 28, 2008, 12:31:36 pm
						",120,"
						
						55,702 "," wishful
"
260507,"Dating thread part XXX - damned if you do, damned if you don't",Ann,"

						April 22, 2008, 10:18:18 pm
						",108,"
						
						64,210 "," Queen Tokelove
"
258697,Dating Thread Part XXVIIII. Spring is here.....So let's put this thing in gear.,keepingfaith,"

						April 17, 2008, 09:38:18 am
						",99,"
						
						46,926 "," keepingfaith
"
256721, Dating Thread Part XXVII:Spring has Sprung...What do you plan to get done?,Queen Tokelove,"

						April 11, 2008, 03:07:01 pm
						",106,"
						
						61,821 "," Dragonette
"
255070,Dating Thread - Part XXVI:  No April Fools here!,MOONLIGHT1114,"

						April 05, 2008, 01:30:18 pm
						",101,"
						
						50,899 "," Queen Tokelove
"
253382,Dating Thread Part XXV-We ARE the Aidsmeds Sisterhood,BT65,"

						March 30, 2008, 11:51:00 am
						",104,"
						
						47,351 "," MOONLIGHT1114
"
168350,Any women out there who have had a baby or are pregnant?,zachysmom,"

						March 30, 2008, 04:41:41 am
						",137,"
						
						79,188 "," AWPIE51
"
245015,What's your toughest moment girl?,camille07,"

						March 24, 2008, 02:43:00 pm
						",39,"
						
						17,496 "," MySonShine
"
252463,Anyone have experience with IVF ,Mutsa,"

						March 20, 2008, 02:33:06 am
						",1,"
						
						4,054 "," tendai
					"
249677,Dating Thread Part XXIII - May the luck of the Irish enfold you.,Winiroo,"

						March 16, 2008, 12:28:59 pm
						",106,"
						
						51,855 "," MOONLIGHT1114
"
247368,Medication Disasters,Teacher,"

						March 06, 2008, 12:37:30 pm
						",3,"
						
						5,177 "," Queen Tokelove
"
246405,update,seekay70,"

						February 29, 2008, 12:38:03 pm
						",8,"
						
						6,466 "," wishful
"
142913,I feel so ugly!!!,Lis,"

						February 20, 2008, 01:32:25 pm
						",34,"
						
						18,517 "," Winiroo
"
243742,To change or not to change? That is the question!,Just Beachy,"

						February 20, 2008, 07:20:08 am
						",7,"
						
						5,475 "," tendai
					"
238037,Kaletra/Combivir during pregnancy,spicy1,"

						February 17, 2008, 03:47:02 pm
						",4,"
						
						7,361 "," Seven
"
227727,Should I mind my own business,27years,"

						February 15, 2008, 04:25:17 am
						",6,"
						
						7,341 "," tendai
					"
239257,ok i am back,seekay70,"

						February 15, 2008, 04:07:40 am
						",2,"
						
						4,057 "," tendai
					"
242280,Women and Money!!!   Suze Orman's New Book for Free!,emeraldize,"

						February 14, 2008, 11:16:31 am
						",4,"
						
						6,810 "," emeraldize
"
231571,Trying to be strong when all i want to do is cry.,Paulette,"

						February 12, 2008, 07:56:21 am
						",42,"
						
						21,677 "," tendai
					"
239865,Hump,Lido,"

						February 06, 2008, 04:39:50 am
						",6,"
						
						6,698 "," Dragonette
"
237705,Hi everyone!,Snowangel,"

						February 02, 2008, 07:34:33 pm
						",6,"
						
						6,410 "," Cheetara74
"
212938,Hospital stays and Privacy,Nygurl225,"

						January 31, 2008, 08:20:32 pm
						",12,"
						
						9,219 "," Snowangel
"
225569,Beehive ,srmn98,"

						January 25, 2008, 05:34:14 am
						",39,"
						
						24,336 "," tendai
					"
233399,any advice on changing meds safe for pregnancy?,uk lady,"

						January 24, 2008, 05:19:50 am
						",12,"
						
						10,412 "," uk lady
"
214476,Hello Ladies,Winiroo,"

						January 17, 2008, 08:39:21 am
						",28,"
						
						18,676 "," tendai
					"
219276,Switiching form Kaletra to Norvia & Reyataz,ubotts,"

						January 17, 2008, 08:05:46 am
						",11,"
						
						9,040 "," cjc
"
230427,My first DWI,wishful,"

						January 12, 2008, 04:11:53 pm
						",12,"
						
						8,676 "," englishgirl
"
208411,My story ,PositiveMom,"

						January 05, 2008, 10:07:12 pm
						",18,"
						
						11,136 "," noahsark
"
227153,Dating Thread Part XIV: Yuletide Chatter,Winiroo,"

						January 02, 2008, 06:08:09 pm
						",101,"
						
						56,088 "," Queen Tokelove
"
222194,Dog therapy,camille07,"

						December 20, 2007, 07:47:11 pm
						",9,"
						
						8,784 "," Seven
"
224713,Dating Thread Part XIII: HOLIDAZE!!,MOONLIGHT1114,"

						December 19, 2007, 04:45:17 pm
						",104,"
						
						54,303 "," Queen Tokelove
"
217212,Dating Thread Part XI - A November to Remember...,MOONLIGHT1114,"

						December 13, 2007, 02:39:10 pm
						",107,"
						
						58,136 "," wishful
"
210557,Just started therapy ,leshai,"

						December 12, 2007, 02:09:32 pm
						",11,"
						
						8,464 "," ubotts
"
219835," Dating Part XII: Labors of Love, Love's Lost, and Loving Life.....",Queen Tokelove,"

						December 09, 2007, 10:34:02 pm
						",109,"
						
						68,301 "," MOONLIGHT1114
"
221865,ny midwife,catwoman,"

						December 08, 2007, 06:45:42 pm
						",9,"
						
						8,740 "," Winiroo
"
211302,December instead of November.Poz Mag,ubotts,"

						November 24, 2007, 11:53:12 am
						",4,"
						
						6,184 "," ubotts
"
218890,POZ FOCUS,ubotts,"

						November 24, 2007, 11:49:38 am
						",9,"
						
						7,593 "," ubotts
"
217882,Where are the straight poz men???,wishful,"

						November 23, 2007, 09:42:46 am
						",24,"
						
						15,610 "," wishful
"
216890,Could use some advise,Crys919,"

						November 23, 2007, 08:00:33 am
						",6,"
						
						5,297 "," Dragonette
"
217510,Im new the site..Looking for friends nearby ....or not,wishful,"

						November 19, 2007, 08:47:05 pm
						",10,"
						
						7,327 "," Paulette
"
216440,AZT during pregnancy. and AZT in small children,Nygurl225,"

						November 18, 2007, 12:22:50 am
						",3,"
						
						7,504 "," Nygurl225
"
216941,How to get pregnant safely?,kydia,"

						November 16, 2007, 03:23:03 pm
						",7,"
						
						10,707 "," Blessed1974
"
211100,"Dating Thread Part IX - Fanciful, Fits and Futures",srmn98,"

						November 15, 2007, 12:13:33 pm
						",105,"
						
						55,649 "," nymphaea
"
216349,brand new - just joined today,minismom,"

						November 13, 2007, 10:51:34 pm
						",7,"
						
						8,433 "," Winiroo
"
214795,"Dating Thread Part X - Love, Lust & Leg-humpers",confusedme,"

						November 13, 2007, 05:33:43 pm
						",104,"
						
						64,939 "," MOONLIGHT1114
"
251531,Dating Thread Part XXIV: Shake the Cobwebs Off and Get Your Asses in Gear.,Queen Tokelove,"

						March 24, 2008, 03:19:37 pm
						",109,"
						
						54,540 "," BT65
"
247896,"Dating Thread Part XXII-In Like a Lion, Out Like a ___(fill in the blank)",BT65,"

						March 10, 2008, 01:55:23 pm
						",104,"
						
						54,022 "," Snowangel
"
245760,Dating thread: Part XXI- March right in and kick some ass,Snowangel,"

						March 03, 2008, 10:40:49 pm
						",112,"
						
						64,177 "," MOONLIGHT1114
"
244130,Dating Thread - Part XX: Spring Fever,Winiroo,"

						February 25, 2008, 10:36:53 pm
						",103,"
						
						52,932 "," Snowangel
"
242089,Dating Thread - Part XIX:  Whatever Your Heart Desires ,MOONLIGHT1114,"

						February 20, 2008, 04:50:09 pm
						",104,"
						
						58,137 "," wishful
"
239569,"Dating thread part XVIII - It's Leap Year, so ask him to marry you!",Ann,"

						February 12, 2008, 10:46:12 pm
						",103,"
						
						61,050 "," Ann
"
236641,Dating Thread Part XVII-Get Out of Bed and Wash Your Head (You Go Girl),BT65,"

						February 04, 2008, 04:37:53 pm
						",110,"
						
						61,526 "," Ann
"
238662,MOVED: Straight POZ Guy!!!!  Oral Sex?,Ann,"

						February 01, 2008, 04:36:52 pm
						",0,"
						
						3,901 "," Ann
"
232736,"Dating Thread - Part XVI: Go On That Date, Sleep In Late, Make It A Great 2008!",MOONLIGHT1114,"

						January 24, 2008, 05:33:50 pm
						",100,"
						
						52,955 "," MOONLIGHT1114
"
230302,"New Year, New Beginnings, New Dating Thread, Part XV",BT65,"

						January 17, 2008, 08:41:29 pm
						",104,"
						
						55,197 "," Ann
"
225720,MOVED: Canada,Ann,"

						December 13, 2007, 06:34:02 am
						",0,"
						
						4,338 "," Ann
"
214085,ok silly question,seekay70,"

						November 11, 2007, 03:08:21 pm
						",4,"
						
						5,403 "," minismom
"
216606,HIV and puberty / hormone changes,minismom,"

						November 11, 2007, 02:34:25 pm
						",0,"
						
						4,728 "," minismom
"
216229,just lurking,seekay70,"

						November 09, 2007, 11:12:02 pm
						",1,"
						
						3,760 "," MOONLIGHT1114
"
213577,A good day,seekay70,"

						November 03, 2007, 09:37:30 am
						",6,"
						
						5,927 "," toxicgirl
"
213598,Hope Springs Eternal,Lostgirl,"

						November 02, 2007, 07:52:23 am
						",1,"
						
						3,523 "," BT65
"
212438,Hepatitis C,courage757,"

						November 01, 2007, 11:52:45 am
						",5,"
						
						9,510 "," Paulette
"
211956,OK I am here,seekay70,"

						October 29, 2007, 08:32:44 pm
						",8,"
						
						7,036 "," BT65
"
207431,Pregnant and looking for advice on mode of delivery...,zelena,"

						October 29, 2007, 12:00:59 am
						",12,"
						
						8,437 "," Nygurl225
"
211980,Safer Family Planning for Positive Couples,Ann,"

						October 28, 2007, 10:48:24 pm
						",4,"
						
						5,649 "," catwoman
"
206080,"Dating Thread Part VIII:  Brain-dead, Blusey and Befuddled",BT65,"

						October 27, 2007, 05:06:48 am
						",109,"
						
						53,623 "," Dragonette
"
204794,Opinion needed regarding dating etc.,aserenityseeker,"

						October 27, 2007, 01:54:57 am
						",16,"
						
						10,684 "," aserenityseeker
"
211514,Update : IVF and Meds,Tamika,"

						October 26, 2007, 09:30:07 am
						",1,"
						
						4,141 "," tendai
					"
210598,A Lot Can Happen in Three Weeks,Lostgirl,"

						October 24, 2007, 10:03:53 am
						",8,"
						
						6,856 "," Lostgirl
"
208163,meds for women,mesu,"

						October 21, 2007, 11:40:28 pm
						",5,"
						
						5,907 "," Thick713
"
209788,A moving movie,ubotts,"

						October 21, 2007, 12:58:06 pm
						",1,"
						
						4,475 "," sunseeker
"
207122,I got my son tested,SecretKeeper,"

						October 20, 2007, 09:58:22 am
						",13,"
						
						8,444 "," HealthyMomma
"
208627,Women In Poz Magazine.,ubotts,"

						October 20, 2007, 06:31:54 am
						",7,"
						
						8,013 "," BT65
"
200380,I need help! Someone to talk to,dorjus,"

						October 18, 2007, 07:33:37 am
						",46,"
						
						23,703 "," emeraldize
"
190287,Re: Women and HIV questions,Afraid,"

						October 17, 2007, 10:57:17 am
						",10,"
						
						9,924 "," ubotts
"
208211,from Ubotts to Sharonstoned,sharonstoned,"

						October 16, 2007, 10:59:24 am
						",2,"
						
						3,837 "," Ann
"
205360,"HIV, Fertility Issues, failed IVF, Adoption Possiblilies?",Teacher,"

						October 16, 2007, 03:21:38 am
						",5,"
						
						4,635 "," Dragonette
"
199025,pregnancy while on sustiva,kitty1,"

						October 15, 2007, 03:16:52 pm
						",3,"
						
						5,051 "," HealthyMomma
"
201375,"Dating Thread Part VII: Ovaries, Outcomes and Opportunities in October",camille07,"

						October 10, 2007, 06:27:44 pm
						",116,"
						
						59,513 "," Queen Tokelove
"
205837,"Rash in armpits, under breast any ideas what it could be?",aserenityseeker,"

						October 10, 2007, 04:55:12 am
						",1,"
						
						6,811 "," BT65
"
198869,looking for new hiv friends iam new ,lovely026,"

						October 09, 2007, 01:51:35 am
						",13,"
						
						11,132 "," pozgroup
"
199499,How Do You Handle the Loneliness?,Peaches15,"

						October 08, 2007, 01:16:37 pm
						",13,"
						
						10,647 "," MOONLIGHT1114
"
204088,a formal hello,SecretKeeper,"

						October 07, 2007, 07:04:17 pm
						",10,"
						
						7,597 "," courage757
"
189063,"is it ""normal"" to have HIV?",Dragonette,"

						October 07, 2007, 05:10:59 am
						",35,"
						
						16,960 "," Dragonette
"
204463,New here and wondering where have I been???,patti ann,"

						October 06, 2007, 08:52:35 pm
						",6,"
						
						5,250 "," emeraldize
"
202816,Hi all - I'm new here ,Tamika,"

						October 06, 2007, 04:26:58 pm
						",8,"
						
						5,556 "," camille07
"
203352,My ID Specialist First Visit,Lostgirl,"

						October 05, 2007, 05:35:28 pm
						",4,"
						
						4,119 "," anniebc
"
202235,Trying to figure this place out.,confusedme,"

						October 04, 2007, 11:47:50 pm
						",13,"
						
						7,378 "," MOONLIGHT1114
"
202177,numbness,belief,"

						October 04, 2007, 08:15:45 pm
						",3,"
						
						6,338 "," camille07
"
202609,female toner,kitty1,"

						October 04, 2007, 07:24:36 am
						",3,"
						
						5,877 "," panda
"
201604,Blood Work Results,Lostgirl,"

						October 03, 2007, 12:56:24 pm
						",4,"
						
						7,609 "," Lostgirl
"
197166,"Dating Thread Part VI: Meds, Moving, Madness and Men",emeraldize,"

						September 27, 2007, 06:08:36 am
						",111,"
						
						59,398 "," BT65
"
199239,Wisdom for Women: An Expert's Take on HIV and Gender Differences - UPDATED,Ann,"

						September 26, 2007, 08:40:51 pm
						",8,"
						
						6,819 "," emeraldize
"
190698,Wanted to say hello to all the ladies here,confusedme,"

						September 24, 2007, 02:04:38 am
						",16,"
						
						9,268 "," aserenityseeker
"
199317,forgetfulness,Paulette,"

						September 23, 2007, 12:06:45 pm
						",8,"
						
						10,024 "," ubotts
"
198334,LIPO - AIDSmeds looking for women for article,Ann,"

						September 22, 2007, 06:45:37 pm
						",3,"
						
						5,905 "," ubotts
"
136144,glad this forum is here!!,Lis,"

						September 22, 2007, 03:00:39 pm
						",25,"
						
						17,328 "," Paulette
"
198912,To Blessed To Be Stressed,Afraid,"

						September 21, 2007, 07:26:55 am
						",2,"
						
						4,637 "," BT65
"
198450,Are there any good men,Thick713,"

						September 20, 2007, 01:52:02 pm
						",12,"
						
						9,631 "," panda
"
198056,First romantic disclosure anxiety,globetrotter,"

						September 20, 2007, 05:38:48 am
						",5,"
						
						6,642 "," tendai
					"
198146,Needles and Irrational Fears,Lostgirl,"

						September 19, 2007, 08:47:36 pm
						",13,"
						
						7,474 "," emeraldize
"
189571,new here!!!!!!!!!!!!!!!!,shotis,"

						September 17, 2007, 09:11:38 am
						",15,"
						
						8,511 "," emeraldize
"
196542,"Questions, questions, questions",Lostgirl,"

						September 14, 2007, 08:03:24 am
						",8,"
						
						6,261 "," shotis
"
191131, Dating Thread Part V:Sisters from another mother....,Queen Tokelove,"

						September 14, 2007, 06:50:56 am
						",112,"
						
						67,163 "," BT65
"
208615,MOVED: From HIV to AIDS,Ann,"

						October 17, 2007, 10:51:33 am
						",0,"
						
						4,269 "," Ann
"
206207,2 African Am Women to share their story,wantchange,"

						October 12, 2007, 09:35:37 am
						",8,"
						
						9,744 "," Ann
"
196054,I don't know what to do(any help here?),Paulette,"

						September 12, 2007, 10:22:46 am
						",6,"
						
						7,236 "," Paulette
"
194171,life in zimbabwe,,"

						September 12, 2007, 10:18:42 am
						",13,"
						
						9,186 "," HealthyMomma
"
196019,"ladies, have you run into the guy who infected you here?",mesu,"

						September 11, 2007, 10:54:55 pm
						",7,"
						
						6,052 "," HealthyMomma
"
141473,Hysterectomy,cjc,"

						September 11, 2007, 05:25:58 pm
						",45,"
						
						26,211 "," Paulette
"
176990,Belief -- Has anyone heard from Belief?,emeraldize,"

						September 11, 2007, 02:46:36 pm
						",5,"
						
						5,248 "," BT65
"
176056,I've found the man that infected me,blacky1980,"

						September 11, 2007, 12:34:57 pm
						",15,"
						
						12,293 "," Paulette
"
195666,scared and alone,lawless64,"

						September 11, 2007, 09:52:43 am
						",6,"
						
						5,262 "," cjc
"
194550,NEW Place for LULA,lula,"

						September 10, 2007, 07:52:02 pm
						",5,"
						
						6,147 "," BT65
"
191439,I got the Blues.(let it out thread),cjc,"

						September 08, 2007, 06:16:54 pm
						",19,"
						
						10,622 "," cjc
"
193944,Should have posted here!,Lostgirl,"

						September 08, 2007, 01:07:21 am
						",7,"
						
						5,588 "," Blessed1974
"
194192,Hi again and a Big Thank You,Lostgirl,"

						September 07, 2007, 10:21:07 pm
						",7,"
						
						5,400 "," cjc
"
192015,Negative feedback on having babies,HealthyMomma,"

						September 07, 2007, 03:25:05 am
						",10,"
						
						7,957 "," tendai
					"
192593,just venting,,"

						September 06, 2007, 09:43:01 pm
						",16,"
						
						9,643 "," BT65
"
183801,difficult friend,,"

						September 05, 2007, 03:08:39 am
						",6,"
						
						5,565 "," tendai
					"
192508,New and Better Clinic and Treatment,ubotts,"

						September 03, 2007, 04:42:15 pm
						",2,"
						
						3,839 "," BT65
"
181724,"I'm here, I'm here",zachysmom,"

						September 03, 2007, 03:39:43 pm
						",8,"
						
						6,267 "," MOONLIGHT1114
"
191060,When to start meds and how to make that decision....,impossibleisnothing,"

						August 30, 2007, 10:08:37 pm
						",4,"
						
						7,158 "," Queen Tokelove
"
186057,Dating Part IV: The Grooviest Hen Party Going,MOONLIGHT1114,"

						August 30, 2007, 01:25:27 pm
						",117,"
						
						64,612 "," Queen Tokelove
"
182940,If only I could pick my family...,Queen Tokelove,"

						August 27, 2007, 03:14:05 am
						",24,"
						
						14,931 "," MOONLIGHT1114
"
188415,Sweats and stuff,tigger2376,"

						August 26, 2007, 08:34:51 am
						",3,"
						
						4,900 "," Dragonette
"
181465,Hello I'm new here,HealthyMomma,"

						August 25, 2007, 11:49:13 pm
						",17,"
						
						10,615 "," zachysmom
"
178356,After 8 weeks I have finally stopped bleeding!,momoftwo,"

						August 24, 2007, 11:16:47 pm
						",5,"
						
						7,737 "," zachysmom
"
184080,hiv meds and pregnancy,kitty1,"

						August 24, 2007, 11:10:50 pm
						",5,"
						
						7,357 "," zachysmom
"
178735,Dating Part III: Threads of Our Heads - The E-Soap for Poz Women,emeraldize,"

						August 22, 2007, 01:15:28 pm
						",146,"
						
						78,479 "," camille07
"
184886,Women and HIV questions,HealthyMomma,"

						August 20, 2007, 11:04:18 am
						",14,"
						
						12,497 "," Ann
"
184736,Thank God for POZ !,Thick713,"

						August 20, 2007, 10:46:20 am
						",5,"
						
						5,710 "," emeraldize
"
176770,Bruising easily,ubotts,"

						August 17, 2007, 04:32:25 am
						",12,"
						
						13,393 "," Thick713
"
179937,I feel invisible!!!!,Afraid,"

						August 17, 2007, 04:18:15 am
						",8,"
						
						8,761 "," Thick713
"
183522,Natural parenting and breastfeeding,catwoman,"

						August 15, 2007, 10:12:16 pm
						",8,"
						
						6,027 "," zachysmom
"
175605,Hello Ladies a little encouragement,blacky1980,"

						August 15, 2007, 05:57:51 pm
						",7,"
						
						6,244 "," BT65
"
177884,newbie,powerpuff,"

						August 15, 2007, 01:31:03 am
						",13,"
						
						8,860 "," vivyt
"
182682,Planning a wedding in Scotland,momoftwo,"

						August 14, 2007, 10:44:35 pm
						",5,"
						
						5,565 "," zachysmom
"
176673,UPDATES,zachysmom,"

						August 10, 2007, 09:10:00 pm
						",33,"
						
						19,322 "," MOONLIGHT1114
"
172196,"Dating Part II: Jay, Boo & Other Guys, Too",MOONLIGHT1114,"

						August 07, 2007, 11:52:55 pm
						",136,"
						
						86,425 "," sunseeker
"
169150,"HIV, Pregnancy and Womens Health",J.R.E.,"

						August 05, 2007, 07:43:54 am
						",4,"
						
						8,079 "," IzPoz
"
161642,feeling guilty..... need advice,jae3,"

						August 04, 2007, 07:01:39 pm
						",30,"
						
						19,451 "," Queen Tokelove
"
171669,getting back into the workforce?,zachysmom,"

						July 31, 2007, 09:59:36 pm
						",11,"
						
						9,652 "," zachysmom
"
176480,Newly Diagnosed,vivyt,"

						July 31, 2007, 09:45:26 pm
						",13,"
						
						9,625 "," zachysmom
"
177307,For the Newly Diagnosed Women and Those Needing Inspiration,emeraldize,"

						July 31, 2007, 09:30:19 pm
						",2,"
						
						5,222 "," BT65
"
173874,Bad day,Dragonette,"

						July 27, 2007, 03:30:30 am
						",15,"
						
						10,452 "," Queen Tokelove
"
173201,How has HIV affected your long-term relationships?,CallingAllAngels,"

						July 25, 2007, 07:25:36 pm
						",11,"
						
						10,902 "," camille07
"
172940,I need advice on my job!!!!!!,Afraid,"

						July 25, 2007, 06:38:24 pm
						",12,"
						
						8,490 "," Darknessfalls
"
175314,I am batling with the stigma more than the virus,27years,"

						July 25, 2007, 04:30:20 pm
						",4,"
						
						6,688 "," Ulong
"
166929,Weight loss...again,tigger2376,"

						July 24, 2007, 11:16:40 pm
						",13,"
						
						11,681 "," Queen Tokelove
"
173239,Making the decision to have kids...,CallingAllAngels,"

						July 18, 2007, 08:38:26 pm
						",7,"
						
						7,108 "," Rasheen
"
171783,I'm positive I'm happy to be here,CallingAllAngels,"

						July 17, 2007, 03:03:55 pm
						",13,"
						
						9,537 "," CallingAllAngels
"
170606,Lesbians with hiv,ubotts,"

						July 16, 2007, 01:38:53 pm
						",9,"
						
						9,605 "," ubotts
"
188269,MOVED: Dating and HIV,Ann,"

						August 24, 2007, 05:08:49 pm
						",0,"
						
						5,090 "," Ann
"
183339,MOVED: Hi I'm New,Andy Velez,"

						August 14, 2007, 08:07:51 am
						",0,"
						
						4,027 "," Andy Velez
"
173668,MOVED: Looking for courage,anniebc,"

						July 18, 2007, 08:35:53 pm
						",0,"
						
						4,769 "," anniebc
"
156454,dating,cjc,"

						July 14, 2007, 05:53:11 pm
						",56,"
						
						46,668 "," MOONLIGHT1114
"
168842,vacation,Fky,"

						July 13, 2007, 10:29:36 pm
						",8,"
						
						7,605 "," BT65
"
167216,My Aunt flow keeps dropping in for a visit,camille07,"

						July 13, 2007, 10:17:53 am
						",11,"
						
						11,111 "," zachysmom
"
165794,Afraid of getting close!!!!,Afraid,"

						July 12, 2007, 11:28:13 pm
						",24,"
						
						15,971 "," MOONLIGHT1114
"
147284,(protected) sex during menustration?,Dragonette,"

						July 12, 2007, 10:15:37 pm
						",21,"
						
						20,197 "," nunii
"
169122,I am really not sure what is going on!,momoftwo,"

						July 06, 2007, 10:05:55 pm
						",5,"
						
						6,932 "," Queen Tokelove
"
167223,Im new here! :},Fky,"

						July 04, 2007, 10:01:25 pm
						",15,"
						
						12,152 "," Queen Tokelove
"
168120,thought you might like reading this,englishgirl,"

						July 04, 2007, 07:23:20 pm
						",3,"
						
						7,249 "," tigger2376
"
166290,I thought you girls might like this,camille07,"

						July 03, 2007, 11:21:51 pm
						",3,"
						
						5,308 "," zachysmom
"
167236,side effects,Fky,"

						July 01, 2007, 12:33:25 pm
						",3,"
						
						6,825 "," ubotts
"
159704,Help with weight loss,Seven,"

						June 30, 2007, 11:36:09 am
						",21,"
						
						16,241 "," pozmadison
"
142017,Newly diagnosed -  Is anyone experiencing or experienced hair loss w/ illness???,2Live,"

						June 27, 2007, 11:25:36 am
						",13,"
						
						12,661 "," PompanoDiva
"
144737,boyfriend issues,morethanpoz28,"

						June 26, 2007, 08:53:11 pm
						",10,"
						
						12,232 "," nunii
"
159447,dating in general,remo2008,"

						June 20, 2007, 07:06:11 pm
						",7,"
						
						9,764 "," tigger2376
"
145561,Lost sex drive,BT65,"

						June 20, 2007, 06:34:44 pm
						",13,"
						
						14,678 "," camille07
"
164292,"combivir, kaletra and tenofovir?",apple,"

						June 20, 2007, 08:18:15 am
						",3,"
						
						8,399 "," apple
"
153691,children,tigger2376,"

						June 16, 2007, 12:33:20 pm
						",11,"
						
						9,614 "," Ulong
"
156721,Strange things........,Sdgirl,"

						June 15, 2007, 10:33:58 pm
						",12,"
						
						11,474 "," tsw923
"
157666,my husband passed away.,belief,"

						May 29, 2007, 07:32:28 pm
						",15,"
						
						13,719 "," tigger2376
"
156510,menaupause and fertility,Dragonette,"

						May 22, 2007, 08:43:21 pm
						",2,"
						
						7,066 "," BT65
"
155341,Hot flashes!,momoftwo,"

						May 20, 2007, 12:54:44 pm
						",4,"
						
						6,415 "," momoftwo
"
140649,Is there any lady here who was pregnant while taking the coktail ?,panda,"

						May 14, 2007, 02:05:38 am
						",18,"
						
						16,779 "," panda
"
152351,HIV and IUD's,belief,"

						May 13, 2007, 10:28:57 pm
						",3,"
						
						7,948 "," belief
"
143559,Menopause,BT65,"

						April 27, 2007, 02:44:14 pm
						",7,"
						
						10,064 "," MaryHatch
"
146549,Mammograms,BT65,"

						April 26, 2007, 01:11:55 pm
						",1,"
						
						7,372 "," purpledragonfly
"
144592,Abnormal Paps,Andie,"

						April 25, 2007, 07:28:35 pm
						",6,"
						
						9,449 "," Andie
"
137377,NYC OB/GYN HIV+ specialist,catwoman,"

						April 09, 2007, 06:58:16 am
						",4,"
						
						8,562 "," IzPoz
"
136521,Infection through abortion?,Dragonette,"

						April 06, 2007, 10:13:20 am
						",4,"
						
						10,322 "," Dragonette
"
168845,MOVED: TELLING KIDS,Andy Velez,"

						July 03, 2007, 08:47:44 pm
						",0,"
						
						4,444 "," Andy Velez
"
163697,MOVED: Hot feet!,Ann,"

						June 17, 2007, 10:20:59 am
						",0,"
						
						5,079 "," Ann
"
160059,MOVED: Re: dating in general,Ann,"

						June 04, 2007, 08:00:25 pm
						",0,"
						
						4,905 "," Ann
"
145973,MOVED: Pardon the interruption,Ann,"

						April 25, 2007, 06:48:14 am
						",0,"
						
						6,192 "," Ann
"
137070,"MOVED: For the Women.(re-run from 2005, but still good)",Ann,"

						April 06, 2007, 01:44:36 pm
						",0,"
						
						5,280 "," Ann
"
